tag,line,line_type,quire,page,folio,bifolio,section,language,writing_hand,currier_hand,annotations,paragraph,order0,K_topic,topic_id
f1r,1.0,1,A,A,a,1,Text-only,A,1,1,Various (combination; deprecated),fachys ykal ar ataiin shol shory cthres kor sholdy sory ckhar or kair chtaiin shar ase cthar cthar dan syaiir sheky or ykaiin shod cthoary cthes daraiin sy soiin oteos roloty cthiar okaiin or okan sair chear cthaiin cphar cfhaiin ydaraishy,0,6:5,5
f1r,7.0,1,A,A,a,1,Text-only,A,1,1,Various (combination; deprecated),odar c'y shol cphoy oydar sh cfhoaiin shodary yshey shody okchoy otchol chocthy chy dain chor kos shos cfhol shody dain teody,1,6:5,5
f1r,11.0,1,A,A,a,1,Text-only,A,1,1,Various (combination; deprecated),ydain cphesaiin ols cphey ytain shoshy cphodal es oksho kshoy otairin okan shodain sckhey shoy ckhey kodaiin cphy cphodaiils cthey sho oldain dain chol odaiin chodain chdy okain d?n cthy kod shckhey ckeo char shey kol chol chol kor chal sho chol shodan kshy kchy or chodaiin sho koeam ycho tchey chekain sheo pshol dydyd cthy daictoy yto shol she kodshey cphealy ain dain ckhyds dchar shcthaiin okaiir chey chy tol cthols dlocto shok chor chey dain ckhey daiiin,2,6:5,5
f1r,22.0,1,A,A,a,1,Text-only,A,1,1,Various (combination; deprecated),cpho shaiin shokcheey chol tshodeesy shey pydeey cha ro ydoin chol dain cthal shear kaiin shey cthar cho ?o kaiin shoaiin far cthol ctholdar ycheey okeey oky okchey kokaiin o?chol k?dchy dcheo shody koshey cthy ok chey chtor ?eo? chol chok choty chotey dchaiin,3,6:5,5
f1v,1.0,1,A,B,a,1,Herbal,A,1,1,Colour annotation,kchsy chydaiin olo tchey char cfhar yteey char or ochydcho lkody okodar chody da ckhy ckhockhy shydksheey cthy kotchody dol chokeo dair damsochey chokody,4,6:5,5
f1v,5.0,1,A,B,a,1,Herbal,A,1,1,Colour annotation,potoy shol dair cphoaldar chey tody otoaiin shoshy choky chol ctho shol okaldolchey chodo lol chy cthy qo ol choees cheol dol ctheyykol dol dolo ykol do lchiody okolshol kol kechy chol kychol cthol chody chol shor chol dol ky darshol dchor tcho shody taor chotchey chodyschody pol chodar,5,6:5,5
f2r,1.0,1,A,C,b,2,Herbal,A,1,1,Colour annotation,kydainy ypchol otchalypchaiin ckholsy dorchorychkar sshor cthy cto qotaiincthey ychor chy ydychaiin c'oaiidychtod dycphy dalschokaiin otochor alshodaiinchol danytchaiin dan saiin dain ddkol sorytoldydchol dchy cthy shor ckhy daiinychol dan,6,6:5,5
f2r,8.0,1,A,C,b,2,Herbal,A,1,1,Colour annotation,kydain shaiin qoy shol fodanyksh olsheey daiildy dls sho kol sheey qokey ykody sochol yky dain daiisol qo'ky cholaiin shol sheky daiincthey keol saiin e'a'iin ychain chy dalor shan danolsaiin sheey ckhor chy chor cthor yor an chansaiin chety chyky sho chey chcthy,7,6:5,5
f2r,14.0,0,A,C,b,2,Herbal,A,1,1,Colour annotation,ytoail ios an on,8,6:5,5
f2v,1.0,1,A,D,b,2,Herbal,A,1,1,Other extraneous writing,kooiin cheo pchor otaiin odain chordair shty kcho kchy sho shol qotcho loeees qotychor otchy chor lshy chol chody chodainchcthy sho cholo cheor chodaiin,10,6:5,5
f2v,5.0,1,A,D,b,2,Herbal,A,1,1,Other extraneous writing,kchor shy daiiin chckoms shey dor chol dor chol chor chol keol chy chtydaiin tchor chan chotchey qoteeey chokeoschees chr cheaiin chokoishe chor cheol chol dolody,11,6:5,5
f3r,1.0,1,A,E,c,3,Herbal,A,1,1,Other extraneous writing,tsheos qopal chol cthol daimg ycheor chor dam qotcham cham ochor qocheor chol cthy schey chor chal chag cham cho qokol chololy cham cthol ychtaiin chor cthom otaldam otchol qodaiin chom shom damo ysheor chor chol oky dago sho vor sheoldam otchody ol ydar cholcthom,12,6:5,5
f3r,11.0,1,A,E,c,3,Herbal,A,1,1,Other extraneous writing,pcheol shol sols sheol shey okadaiin qokchor qo schodam octhy qokeey qot shey qokody qokshey cheody chor qodair okeey qokeey,13,6:5,5
f3r,15.0,1,A,E,c,3,Herbal,A,1,1,Other extraneous writing,tsheoarom shor or chor olchsy chom otchomoporar chol cheol ekshy qokeom qokol daiinsoleeg soeom okeom yteody qokeeodal sam,14,6:5,5
f3r,18.0,1,A,E,c,3,Herbal,A,1,1,Other extraneous writing,pcheoldom shodaiin qopchor qopol opchol qotyotolom otchor ol cheor qoeor dair qoteol qosaiinchor cthy ycheor chol odaiin chol aiin or,15,6:5,5
f3v,1.0,1,A,F,c,3,Herbal,A,1,1,Other extraneous writing,koaiin cphor qotoy sha ckhol ykoaiin oly daiidy qoteeol okeeor okor olytol dol okom chol shol seees chom cheeykam okai qodar ees eey kcheol okal do chear een ychear otchal cho char ckha or cheor kor chodaly chom,16,6:5,5
f3v,7.0,1,A,F,c,3,Herbal,A,1,1,Other extraneous writing,tchor otcham chor cfham ykchy kchom chor chckhol oka ytcheear okeol cthodoaly chor cthy ochos qokshol daiim chol okary sho shockho ckhy tchor chodaiin chom osh chodair ytchy tchor kcham shar shkaiin qokchy yty cthal chky dain sheam keam,17,6:5,5
f4r,1.0,1,A,G,d,4,Herbal,A,1,1,Colour annotation,kodalchy chpady sheol ol sheey qoteydoiin chor ytoy dchor shol shol cthol shtchy chaiin schoraiin chom otchol chol chy chaiin qotaiindaiin shain qotchol chy yty okaiin cthy,18,6:5,5
f4r,5.0,1,A,G,d,4,Herbal,A,1,1,Colour annotation,pydaiin qotchy dy tydy chor shytchy dytcheey qotaiin cthol cthom shor shol shol cthy cpholdy ckhochy tchy kor aiin odal shor shyshol cphaiin qotchoiin sheor qoty soiin chaiin chaiin cthey,19,6:5,5
f4v,1.0,1,A,H,d,4,Herbal,A,1,1,Colour annotation,pchooiin ksheo kchoy chopchy doldsdlod ol chey chy cthy shkchor sheo cheorycholdy sho sho chaiin shaiin qodaiino aram qokshy qocthy choteol ctheychoaiin shor sheey cto otoiin shey qotchoiinchodain ytchoy shokchy cphody,20,6:5,5
f4v,7.0,1,A,H,d,4,Herbal,A,1,1,Colour annotation,torchy sheeor chor chokchy cphydy oleeeb chor cthol sho cthory qooko iiin cheog chcthy shoky otaiin sheo okeody chol chokeody sho kcheor shody shtaiin qotol qokey sho okeol shar char ody shody cheor chokody shodaiin qoty ochody chy key chtody,21,6:5,5
f5r,1.0,1,A,I,w,4,Herbal,A,1,1,Colour annotation,kchody fchoy chkoy oaiin oar olsy chody dkshy dy ochey qokaiin sho ckhoy cthey chey okaos qoaiin otan chy oteeeb chocthy otchy qotchody otain sheody chan cheor chocthy,22,6:5,5
f5r,5.0,1,A,I,w,4,Herbal,A,1,1,Colour annotation,tchy shody qoaiin cholols sho qotcheo shodaiin sho cheor chey qoeeey qoykeeey qoeor cthy shotshy dy qotoeey cheo kchy shody,23,6:5,5
f5v,1.0,1,A,J,w,4,Herbal,A,1,1,Colour annotation,cheor chor ytchey pshod chols chodaiin ytoiiin dchol c'y chol otaiin dain cthor chots ychopordg qotcho ytor otchor q'o darchor do qotor shees ykoiin shol cthor okch taiin shokeeol chor cheotol otchol chol chotaiin chol dairodg,24,6:5,5
f6r,1.0,1,A,K,x,3,Herbal,A,1,1,Colour annotation,foar shol cholor cphol chor chckchopchol otcham chckhy chor chor kar cthycthor chotols foeear kshor choky cheoeeesykeor ytaiin dam cho sheor choithy otchamyaiir chy tar okoiin shees ytaly cthaiinodam or al ckham okom cthaiinydaiin qodaiin cho chol okaiin ychol ckhor pchar sheo ckhaiin sheol skaiiodar otaiin chory tchor ctheod chy shor od she od ychar olchaj ol chokaiin or shol cthom chor cthy qocthol yodaiin cthy ysho taiin kaiim,25,6:5,5
f6v,1.0,1,A,L,x,3,Herbal,A,1,1,Colour annotation,koary cheekar qoor shor chapchy chear char otchy oees chor chckhy qoekchar cheas odaiiin kchey chor chaiin qoair ckhy chol oechockhy chekchoy ckhy okolrychos shckhy ytchoy jajy dchy dey okodyytody dair c'ha chodam dam okor otydoldom,26,6:5,5
f6v,6.0,1,A,L,x,3,Herbal,A,1,1,Colour annotation,tchody shocthol chocthhy ychos ychol cthol dol ychor chor okchey qokom oeeo chor cthom qokchod ychear kchdy lor char otam ctho dy ytchos shy qokam cthy yodaiin cthy chor oees or qokor chol cthol tchalody chockhy or chy ain ar ochy cthar cthar cthy chaies ckhal cthodam dy ytchocthol ithor ocholy kchos chy dor dchor choldar ycheor chor octham,27,6:5,5
f7r,1.0,1,A,M,y,2,Herbal,A,1,1,Colour annotation,fchodaiin shopchey qkoshey qoos sheey charochy dcheey keo shor dolddchey kchey otchy cheody oeeees cheodaiin sheeyytcheey qotchy chald qokcho cho lochey daiinychey kchos odaiin oaiirotaiin,28,6:5,5
f7r,6.0,1,A,M,y,2,Herbal,A,1,1,Colour annotation,ksholo chey qotoees chkoldyotchor choaiin dshoy cthol chol otchol dainshody shol chotchy okchey deeeese choty qokchyshol choty dain qokechy ol choiin chol cpheyshckhy chochy kchod chain chor chckhy,29,6:5,5
f7v,1.0,1,A,N,y,2,Herbal,A,1,1,Colour annotation,polyshy shey tchody qopchy otshol dy tshodody chochy cthy qoky chcphhy cthol cthy cthd qokchy dykchy chkeey kshy ky ty dor cheey cheol dy choteeeb oeear choschy dain sho kshy shol deees dol dchodaiin qotchy cheey tcheey,30,6:5,5
f7v,6.0,1,A,N,y,2,Herbal,A,1,1,Colour annotation,kchor sheod sheodaiin sho oksho lshol dair qos okshodeeeb chorcheor odaiin shotchodol dol dor aiin qoteeeo cho cheeody qotchey teyo kcho sho keeo daiir chokchy dor deol dydol,31,6:5,5
f8r,1.0,1,A,O,z,1,Herbal,A,1,1,Colour annotation,pshol chor otshal chopycphol chody shy cfhodar shor tchty sh kcheals shookche do dchy dain al chodar shy sychodaiin shokchy chor dy qotor chor chor sheeydchol shesed chof chy dam okchey do cheeey dy kyscho chky ckooaiin chy taiin tosh ckcheey koltoldyshy choety cheeody sol choto kchoan choor dain dcho dain,32,6:5,5
f8r,9.0,1,A,O,z,1,Herbal,A,1,1,Colour annotation,tchoep sho pcheey pcheyofchey dsheey sholdaiin shor cheey teeodan dycheocthy oksheo dol dairg shol cheodaiin doy tchody chot choty otariin qo chodaiin shotokodychotol okokchodg,33,6:5,5
f8r,14.0,1,A,O,z,1,Herbal,A,1,1,Colour annotation,cho chey shol chofydysho chey kshey lody cholal dchey ckhol chol chey kccschy ctodaiin dol daiiirihy ckhy ychey kchekchy chsey kchyscheaiin cthaiihar cthy chol dchy qokar chlaiin chean cky char chaiin okar cfhaiin chaiin cldaiin chor cha rchealcham sair cheain cphol darshol kaiin shol kaiin dai kam or cho kesey shey kalchal schol saim,34,6:5,5
f8v,1.0,1,A,P,z,1,Herbal,A,1,1,Colour annotation,chod soochsol shol chol opcheaiin opydaiin saiin shcthal sarchor sheaiin shor chykchy otaiin cty qody cheal sychorychear shol chaiin shaiin dolas dshol sholdolchean cthar shealy chary chol chol darotchar etaiin cthol cthanytchy chey kaiin dain ar sho kcholdar shey cthar chotain ry okcholkshchol chol chol cthaiin dain shol orchlchokchy chol cthor chaiin scharchyoeesody kchey pchy cpharom sorain,35,6:5,5
f8v,12.0,1,A,P,z,1,Herbal,A,1,1,Colour annotation,pchar cho rol dalshear chchotaiin chal kchor otchar okychokain keoky otorchy satar shor lokaiinshol kol char cthey tchy ckham or chol chan chckychor cheain char cheeky chor ry chor cheor chearoteey dchor chodey cho raiin dain chear,36,6:5,5
f9r,1.0,1,B,A,a,1,Herbal,A,1,1,Colour annotation,tydlo choly cthor orchey shy odaiin saryshor cthy oykeey chol ytaiin okchody toeoky okoiin dyor chaiin toiin cphy qotod otaiin cthy okor cheyctho ram yshy chokcho chcthod shor shaiin otar dorytol dayty chor sor cthy chokoiin shol dsholdyotchol ot dy,37,6:5,5
f9r,6.0,1,B,A,a,1,Herbal,A,1,1,Colour annotation,pshoain cthoaiin okaiir chodoral sharsyshydal chdy or chol chy tchy tchol ytor qotol chykychodar aiin qotcho qokchy cthey koraiin okain ddals olshocthy ocho cthy choctoy chodykchy saiin dchydaiin ytchas oraiin chkor,38,6:5,5
f9v,1.0,1,B,B,a,1,Herbal,A,1,1,Colour annotation,fochor oporody opy shor qopchypcho qofol shol cfhol dchor qoaiin chkaiin cthor chol chor cphol dyoty qokaiin dy ykey chor ykaiin cthy otaiin okyoeees ytey tch kaiin cthor oty toldy,39,6:5,5
f9v,5.0,1,B,B,a,1,Herbal,A,1,1,Colour annotation,pchor ypcheey qotor ypchy olcfholy toarchty daiiin odol choy ksheody chodydainotchy cthodyko qo chol chol ctchy daiinotaldordaim soiin qokcho rokyddaly chy tor chyty daryytoldy oty kchol chol chy kyty ychor chshoty oky kaiin chkaiin ckhy chor,40,6:5,5
f10r,1.0,1,B,C,b,2,Herbal,A,1,1,Colour annotation,pchocthy shor octhody chorchy pchodol chopchal ypch kom dchey cthoor char chty chair otytchol oky etyd qotor tchy chocthy qotchy chol or yty dy dy sor chaiin chcthy ctho ckhy or aiin chtchor doiir ody qokchy qotchol chol cthy,41,6:5,5
f10r,6.0,1,B,C,b,2,Herbal,A,1,1,Colour annotation,ycheor cthy chor cthaiin qoctholy dychy taiin shy dchy qokchol kchaiin yty cthdain dair qotchor chor chol cholorchol oykchor shor chor chy kaiiin dychodaiin oqotor cfhy cthor osainytoiin otchoshor qoty qotor cthydotar odaiin qotchy qotor,42,6:5,5
f10v,1.0,1,B,D,b,2,Herbal,A,1,1,Colour annotation,paiin sheo pcheey qoty cthor otydy sain dain ckhy chcthor choiin qot chodaiin cthy dsho ytey kchol ol ty chol dy,43,6:5,5
f10v,4.0,1,B,D,b,2,Herbal,A,1,1,Colour annotation,qotchytor shoiin qotchey shcthhy ytor dain sho qotchy qotor chol qokchy ky shoiin chor shcthy qoty qotoiin qokol chor aiin qokol chy ky chol dain chckhan,44,6:5,5
f11r,1.0,1,B,E,c,3,Herbal,A,1,1,Colour annotation,tshol schoal cfhy shfydaiin cphy shey tchody shoyty socthody qodor kshy ytchy ytchoky kchol qoty chol cthy dor ykychy choty dain chaiin dod dchol chy kchy dy,45,6:5,5
f11r,5.0,1,B,E,c,3,Herbal,A,1,1,Colour annotation,tchol shor shor dky c'hhy cthy chodl odl chaiin ykchor dair chody cthy qotchy okchol cthy dy,46,6:5,5
f11v,1.0,1,B,F,c,3,Herbal,A,1,1,Colour annotation,poldchody shcphy shordy qotyshol cphar dan shol dy chckhy shcthy damykchy dain dchy otchor dy kchy tchy ar qokchdoky choldy dy qokchor chololcr chyky dchy qokyctho tchey tu dd soydy qoteey qot chor dy ddycthor shy arg ycheor ksho dor cthey chold,47,6:5,5
f13r,1.0,1,B,I,w,4,Herbal,A,1,1,Colour annotation,torshor opchy shol dy qopchy shol opchor dypchy dchg dchol chol dol shkchy ydal shy ykchy qot?y dchor shaiin oeees ykor chor ytshy ykchy kchy qodchy ytchy otchor,48,6:5,5
f13r,5.0,1,B,I,w,4,Herbal,A,1,1,Colour annotation,shorodo shy tshy kchol dpchy qopchy otchol cfholdy tchor dor qotchol okchy okchor chckhy dchy qoky chol dy qokhy oldyokchor doaiin shochy qokchy torchy kchkys okchey oldy shey chol doiin ykolyokchal daldy sotchy kchy okorory,49,6:5,5
f13v,1.0,1,B,J,w,4,Herbal,A,1,1,Colour annotation,koair chtoiin otchy kchod otchy octhos oko qokol chodal otchol cphol choty qokchy qokod chy otchy cthody chey okos oaiin okshy qocky qoky,50,6:5,5
f13v,6.0,1,B,J,w,4,Herbal,A,1,1,Colour annotation,foldaiin olcphy shol dyoty shor qotyddairod dain okal chy qokchorydchy kokydaiinshon otchy dain ykolokchy kaldd taiin tchtod otal cthor ytaly cho talsho qocthy ol chy kchey kchor,51,6:5,5
f14r,1.0,1,B,K,x,3,Herbal,A,1,1,Colour annotation,pcho chopol shoiin dain soiiin chok qokchy da ydaiin olchy kchor olol ochkchor kol shy dorody qokchol dalo qotolo ychol oir okor choor ockhy otcho dain chckhy,52,6:5,5
f14r,8.0,1,B,K,x,3,Herbal,A,1,1,Colour annotation,soshy chol shor cheos ykaiin sody chody otchody qotchy koiin sysho ty dy qotchor chod shoty chody dol dy dyokchydy dchokchy schol dy shey qotyykeeyky oeeeb chey keor chey tchykychodalg sodaiin chy kchy kchy ykeody,53,6:5,5
f14v,1.0,1,B,L,x,3,Herbal,A,1,1,Colour annotation,pdychoiin yfodain otyshy dy ypchor kol ydain okchor chytshy oty chy cthy otchy ty chol ychy dy chcthy yk ykaiin dytchy ykhhy ky dy ytychy ksho ykshy shokshor yty darody dyoty ds okshy okchor chky qotchy cthor oty qoty choky cthy chokchy dy dy dy chckhy dchyd oy kshy cho ty dydy odyd otchy kchy dshy dardy chokshor daiinokshody daiindol dair dam dykchy ctholdgdchckhy,54,6:5,5
f15r,1.0,1,B,M,y,2,Herbal,A,1,1,Colour annotation,tshor shey tchalyshy chtols shey otchor qokchor olyokor shy koly qokaiin qotchy tydydaiin chol cthy scheaiin chodaiin chlsol ckhaiin qotchy shor cthydaiin cthy dy dchy ko kaiin chdysaiin okear shkaiin cthysho keocthy shocthy tol kaiin sdain ctholy octhain qokaiin chosodaiin cthl ychain chckhhy okshysaiiin dolchds okaiin otaiin chl sychor choross qotor shor tcheor chycthaiinshan ykshol dor sheey cthy dainskyshor shoty otcho kchy chol itharytol dor dom qotchor chaiin chy kol daky,55,6:5,5
f15v,1.0,1,B,N,y,2,Herbal,A,1,1,Colour annotation,poror orshy choiin dtchan opchordy chor or oro aiin cthy ?ain cthor qokor okeor okaiin doiin choky shol qoky qotchod otchor chor chor ytchor cthy qotchey choty kaiin otchy aiin coy choiin sho chy chy tor ols ytchor chor ol oty shol otchol octhol chol chol chody kan sor chor cthoiin cthy qokaiin sol cheor chol cthy cthor chol chor,56,6:5,5
f16r,1.0,1,B,O,z,1,Herbal,A,1,1,Colour annotation,pocheody qopchey sykaiin opchy dor ychydaiin dychor orom ychykchy otey kol shor ody otody qoyoeesordy ydor sheal okchy qoy koiin choky ykair dainod ychealod,57,6:5,5
f16r,5.0,1,B,O,z,1,Herbal,A,1,1,Colour annotation,tchor chor chs kch shocthy opchy ty ky oshaiin dyky oeees deeeod aiin toaiin dalchy dyky schy aiin doal qoky shotchy ydain yky shody saiin ytaiin,58,6:5,5
f16r,10.0,1,B,O,z,1,Herbal,A,1,1,Colour annotation,toror daly opchy fchol ypchocfy okal sokchy qokol choty okchy cthy chy kchy dy cho kchy shcthy shtshy sho tchokyd qokohor dl dy shey,59,6:5,5
f16v,1.0,1,B,P,z,1,Herbal,A,1,1,Colour annotation,pchroiin otchor chpchol chpchey pchocty ytchor ky chokchy qokchocthor shory ykchy dy choy qoty chy kchy koshet dchol chcthody cphod chotol ytchy chyty chor chol ytchy dan sor ch kar oty chkar chol dairin,60,6:5,5
f16v,7.0,1,B,P,z,1,Herbal,A,1,1,Colour annotation,pchocthy chypchy qotchy chcfhhy sy chol chcthy qot char chor sholo dshy okaiin okaiin chol chor cthor ty chody qokchy chy dy ykchy chckhy otain cthor cthy okytaiin chkchy saiin yky chody sokar oaorar,61,6:5,5
f17r,1.0,1,C,A,a,1,Herbal,A,1,1,Other extraneous writing,fshody daram ydar chog opydy ypod chop otchy dody oldckhy ydair choky okshy qodar ckhody dor otchol qodcthy ods chol or chy qodam okor chor okchom,62,6:5,5
f17r,4.0,1,C,A,a,1,Herbal,A,1,1,Other extraneous writing,tcho shol qokol qor olaiin opydgsom ypchy ypaim ychekchy cthy chor shor cphor cphaldydair cthey qody tsho qof cho qokcheor cheteg,63,6:5,5
f17r,7.0,1,C,A,a,1,Herbal,A,1,1,Other extraneous writing,ksheo qokchy choldshy zepchydc'aopchordy dchchy dychear schar ykchy soy chckho das chypcham chear dcheor sain mol otchol cthar okaiin chol daiiin ychod chotom,64,6:5,5
f17r,13.0,0,C,A,a,1,Herbal,A,1,1,Other extraneous writing,oteeeon oiil,65,6:5,5
f17v,1.0,1,C,B,a,1,Herbal,A,1,1,Other extraneous writing,pchodol chor pchy opydaiin odal dy ycheey keeor cthodal odaiin okal oldaig odaiin okal oldaiin chockhol olol kchor fchol cphol olcheol okeeey ychol chol dolcheey tchol ckhy oekor or okaiin or otaiin sor chkeey poiis cheor aiin qokeey kchar ol dy choldaiin sy ycheol shol kchol choltaiin ol oytor okeor okar daiir ar qokcheo qokoiir ctheol chol oy choy keaiin chckhey ol chor ykeor chol chol cthol chkor sheol olo okeeol chodaiin okeol tchory ychor cthy che'eky cheo okcheol chol okeol cthol otcheolom qoain she dol qopchaiin cthor cheeor ol chol dor chr or eees dain chey qoaiin cthor cholchom okeey cheor chol sho odaiin oal sheor sholor or shecthy cpheor qokeee chey keeor cheeol ctheey cthy chkeey okeor shar okeom,66,6:2,2
f18r,1.0,1,C,C,b,2,Herbal,A,1,1,Other extraneous writing,pdrairdy darodcf yoar ykchol om chckhyocthor otshol qokchol chykchy okchal dychol dain qokchor chor chkey or chey qokchol dyytcharg chor cthor okeor ykchol okain,67,6:5,5
f18r,5.0,1,C,C,b,2,Herbal,A,1,1,Other extraneous writing,tchor shor cthaiin cthol chlol chom ychy kchor dair ytol chcthy oshor shaiin cthy sholdy doldydoldaiin qokchor ckhol olody okal dydary chol chcthal okshal chykald shor qokchol ol ydaiin sotchaiin chokchy chckhol chor ychair cthol qokchy cthy or shaiin cthar cthal okal ychekch kchaiin,68,6:5,5
f18v,1.0,1,C,D,b,2,Herbal,A,1,1,Other extraneous writing,told shor ytshy otchdal dchal dchy ytdg qoeees or oaiin shy okshy qokchy qokchy orshy qoky qoky chkchy qokshy qokam qotchy qokay qokchy ykcho ydl ychoees ykchy qol kchy qotchol daiir om qotor chor otchy qokeees chy ar ykar ychol dor chod qokol qokol dy tolol sh cphoy daror ddy ytor ykam okchor qotchy qokchy ytol doky dy yko dshy dair ykol dom,69,6:5,5
f19r,1.0,1,C,E,c,3,Herbal,A,1,1,Other extraneous writing,pchor qodchy qotshy dy tchy qotchy qoky dchydy dshy chor tchy chol dytchy chordy dyty cho oscheor shy tdaiin chol dor yky qokorar chckhy shy kchor otchy tchy qoky yshor shy otytchy qo'k cho ky cthar dor chan or chor daky chor dorl shy qotchor dy dor tchy kchy shdaiin cthor chol ykchor chordy qotchy qolody choldy cthyd ykchor chor daiinol octhor ytchor,70,6:5,5
f19v,1.0,1,C,F,c,3,Herbal,A,1,1,Other extraneous writing,pochaiin cthor chpcheos opchey py kchy qokchy kchol sor qokchos ykchy darom otchy chol qotol ytol daiiin ytch chcthy qotol qotchy qoteey doty qot ychoy kchor cthol chocthy ycho chaiin cthor,71,6:5,5
f19v,8.0,1,C,F,c,3,Herbal,A,1,1,Other extraneous writing,toy tchey qo dchol qokchs dom ychor oky chor ytol chol oky ddor chor qokor okchan qotol dor okchor cthor otam otch okchodshy or otaiin dais yees ykchol oty ytor ytar ytchor ytaiin otchol cheaiin cthol,72,6:5,5
f20r,1.0,1,C,G,d,4,Herbal,A,1,1,Colour annotation,kdchody chopy cheey qotchol qotoeey dchor chaiin chod ey cthey chotol odaiir qotchy cthody chodchy qoteey cho chodaiin sho qochy chey tcheodal daral ochol ol teey otolchey,73,6:5,5
f20r,5.0,1,C,G,d,4,Herbal,A,1,1,Colour annotation,pchocthy chokoaiin cpy cheeeb opchey shosaiin choees okchor qotol cheey chy choiin ocho lshod choteol chol dol shol otaiin schodain cheo cheody,74,6:5,5
f20r,9.0,1,C,G,d,4,Herbal,A,1,1,Colour annotation,fchodees shody qotchey qokchey qocphy chokoldy ochoaiin chor sody pchodaiin chetody choky dchy toy dchod qoteeody ytchy qo tshey dchaiin chol ody shoiin cheody otchey otchy tchy qoteey ochaiin chor chor cheey tchey,75,6:5,5
f20v,1.0,1,C,H,d,4,Herbal,A,1,1,Colour annotation,faiis ar okoy shy pofochey opchy qopy choldy opydy cphy sos ykoiin cheol chol choiin checthy chol chodaiin oty okchy sho kchol shol chcthy qoty chy tolshy qotchy sho or aiin shol,76,6:5,5
f20v,5.0,1,C,H,d,4,Herbal,A,1,1,Colour annotation,tshol folchol shol shor fshodchy otchy chcphy dy doiiin chockhy dan cheoikhy shos cheos char ithaiin shocthy sho cthy sheoy tey ssoaiin shain choraly sho ar chy ykchy keody cho cthy chol shd qoty d shokaiin chocthy chol chy chor ety okoiin chey phol chory,77,6:5,5
f21r,1.0,1,C,I,w,4,Herbal,A,1,1,Colour annotation,pchor eeockhy fychey ypchey qopcheody otaiin chan saiin chcphy oky sheaiin qotchol oteos sheey cthy qotol shy cheor chy qokchey chey dy,78,6:5,5
f21r,4.0,1,C,I,w,4,Herbal,A,1,1,Colour annotation,pchofychy cthain tolosheey qocthey tolchory chosy qokoiin chol qotcheol okeoaiin dchor kol ky chol kol qokeol chol ol qoteeol dady shoeor cheor chokeody cho cthor shy,79,6:5,5
f21r,8.0,1,C,I,w,4,Herbal,A,1,1,Colour annotation,fcho kshy sheol ocphal opsheas cthodaiin oty okaiin sho tshaiin chkaiin sh cthey cthody cthy totchy keor chy ky qotaiin qotchol ty ctheey otaiin shol chol shol tchol chcthy otyky shey yteol shody chor sheey ysheol chor chol chkaiin,80,6:5,5
f21v,1.0,1,C,J,w,4,Herbal,A,1,1,Colour annotation,toldshy chofchy qofshey shckhol odaiin shey ckholy oeeesoy qokchy chody qotchy qokchy choty tchol qotol keeees chotchy tcho choty chor qotol sho chodaiin choty chol chtychtol osho deey ctho sho cthy dait oky sho tsho chotshol chol todaiin ykcho lchol cho chaiin otchy sheaiin cho kchochaiin,81,6:5,5
f22r,1.0,1,C,K,x,3,Herbal,A,1,1,Colour annotation,pol olshy fcholy shol dpchy oty okoly opchy ocphy ol shol kor qokchol okaiin cthor dain ckhy dom qokol dykaiin kchy cthol ctholo shain,82,6:5,5
f22r,4.0,1,C,K,x,3,Herbal,A,1,1,Colour annotation,pchaiin ofchy cfhy doroiin ypchol syschor ol qokchy chor oldor okyy choldchy chokshchy ctheeb,83,6:5,5
f22r,7.0,1,C,K,x,3,Herbal,A,1,1,Colour annotation,kchol shol dsheor c' chdoly ytaiin olotchy cphal dchor oty ctholy qoky chotaiin chocthydoiin dchor odaiin dain cthy ctheo oraiino,84,6:5,5
f22r,10.0,1,C,K,x,3,Herbal,A,1,1,Colour annotation,kchol chor cthoiin dchor chey qokol dyopchol oldam doiin yckhody qokchy oky otoldy yty dol ordchchy odchaiin cthy okchy kchy dchol daiinydaiin dchor dy dain qockhy ykol okain,85,6:5,5
f22v,1.0,1,C,L,x,3,Herbal,A,1,1,Colour annotation,pysaiinor ofchar oky tchy otdysor shy qo'd kaiin qotchy kchy otchyddshor ychy qoky kchorl otchy cthy otchykyytchol otam otchaiin shoty qokysaiinodaiin ytaiin dor kcheor,86,6:5,5
f22v,6.0,1,C,L,x,3,Herbal,A,1,1,Colour annotation,fshor shy tchor otaiin ychor chor qokchol chory qotchy cthy qokol dam okshor shody chol tchol otaiin qokchy sor ytal sokaiin oty dy ychky cthy okchain chkoldy shotoly qotchy olshly shol sho cthy chocthy qokchy dory saiinchy daldalol,87,6:5,5
f23r,1.0,1,C,M,y,2,Herbal,A,1,1,Colour annotation,pydchdom chy fcholdy oty otchol shy opyaiin y' yfchy ololdy to ar chor chk dain otchy lolchor dam okchol dain dchar ykor kaiin cth?,88,6:5,5
f23r,4.0,1,C,M,y,2,Herbal,A,1,1,Colour annotation,qokoldy okaiir ykaiil qokeey ofchol dain yfchor olfchor otchald ychor qokchol ytym chol dair chol ar ol ol dol dain,89,6:5,5
f23r,6.0,1,C,M,y,2,Herbal,A,1,1,Colour annotation,tshol kor qokaiin yky dchey daiidal dam ytcho ldals okar olchar shaiin qokchol qokchol dairo ol alg qokshy char daiir qokaiin olol qoaiin ykchy sdal okchy ok shy qokol dydal dshe qokeees olydaiin qok okaiin chkchy syteain odal chal dydar ykain ykyka dalory,90,6:5,5
f23v,1.0,1,C,N,y,2,Herbal,A,1,1,Colour annotation,podairol odaiiily sho al dy opchol ol chcphy qotchar qotcotor chy okchaldy qokchey dolotchol chal otchg ycho okaiin okeol eees okeeordaiin qotcholg okchey dair sholol ol dalotchor dor chear shor dol oaldary,91,6:5,5
f23v,6.0,1,C,N,y,2,Herbal,A,1,1,Colour annotation,tshol shor shkshy daiinotshor olsar sho shol qokol daiinsol ylg qokaiin dain qokor okal damchor olol dam otshy oldar ar orqoto chees dor chy kshol chol ctho?otol oloiir okaiin doroiin olols oiinol cheeb ols ol aiios oloro eeeoly,92,6:5,5
f24r,1.0,1,C,O,z,1,Herbal,A,1,1,Colour annotation,por or chor opchar she cheol or qotaiin char odaiin okaiikhal oky ycthar cthal qotar ckhy or chckhaly cthar eeor chees da qodar cho chey cthy cthe keom oeeeos cthor otal qocthol qoky qkar chtar cheor cthol qodol ychor om qoear qokeol odaiin ckham qodaiikhy dol q?or cfhar chor chotaiin dy cheoiees okeem cheor qokain qokchy qotchy tol tod ckhy oees ol chey chcth ar qor cheey qod char cthal ockhoees oeees ol sham okeal dam sshey otam sham cthoj oky ycheol chol chol yol kol chol shom otacphy sam chorly,93,6:5,5
f24v,1.0,1,C,P,z,1,Herbal,A,1,1,Colour annotation,tchodar chocfhey opom shod chcphy opshody ocphoraiin oam ydals ckhor shy cho dchor otaiirotchos okchom okcho octhyl odchees oesearies okam chcth ydal sh okaiin odaiin dlos oeor oraiin tchar oro,94,6:5,5
f24v,6.0,1,C,P,z,1,Herbal,A,1,1,Colour annotation,tochol chor cfarsa ycheol daid olom kochky chcthy shol sain ychol chol or chor om okoeor ctheod choy keol ydaiin chear qodom okodaiin ksho foar cto sho qokch ok okchal oeeey cheol chol odor sho do otolodal doiir cheeodam sho sho dy dchey kchod dchal ochdy otchol odaiim,95,6:5,5
f25r,1.0,1,D,A,a,1,Herbal,A,1,1,Colour annotation,fcholdy soshy cky shody ocholdy cpholdy sy chor chsky chotchy shair qod shachy kchy chkain qotchy qotshy cheesees sheear chain chain dan dchckhy shocthy ytchey cthor chan chaiin qotchain qotcheaiin dchain cthain cthain qotaiin okal chotaiin dair otaiir otosy,96,6:5,5
f25v,1.0,1,D,B,a,1,Herbal,A,1,1,Colour annotation,poeeaiin qo ky shy qopchey otchey qofchor sos dchor cthor chor okeeaiin ckhey orcho kchor chol shcfho dshey daiity qokaiin qokcho shol ckhear ckhol chkear chokeey dshor dshey qochol dol cho qokcho ochy qotchy qotoralcho chain deeaiir oc'o chkey daiiol shckhorchaiin,97,6:5,5
f26r,1.0,1,D,C,b,2,Herbal,B,2,2,Colour annotation,psheoky odaiir qoyofshod chypchey ypchedy ainchofo chephdy dchey aiin adeeodyykecthey chedy ytedy dychecthedy ls oaiin shcthy cthedy oloyykeedy olchedy daly sheey aiin qokedy cheos ytedy qokedyytedy chekedydaiin odam aldy saiin shedy eedy eedy chydaiin cthedyqokeedy qokedy cthey rchedy qokedy,98,6:4,4
f26r,7.0,1,D,C,b,2,Herbal,B,2,2,Colour annotation,pcho qokedy sheo ypchseds saiinsha chedyfchy dalchedy shedy qokeedy qoteedar sokolytedy qokeedy qokedy tcheoshy dchdy okedy chckhy sdydyykeechy okeedy shese aiin sheos cheodyotal,99,6:4,4
f26v,1.0,1,D,D,b,2,Herbal,B,2,2,Colour annotation,pchedar qodary daiiin pcheety air shedy ypchedy ypchdy qopy shdy saraiir chekedy qokedy otedy etedy qokedy or ai'he alys chedy pchdar opar cheeol ofchdy otedy chdy odar chedy ytedy okchdy yckheody qokedy deey saldy okedor or cheos oraiin okeo chekaiin deeol cheody qoteedy qokody qotedy qotedy opchedy ofchy chs ar toeedy keody shedy chedy sches or cheeky chey yteedy pchedy cheoet chy sair chees odaiiin chkeeey ykey sheey tchedy okeeos cheeos ysaiin okcheey keody aiin cheeos qokes ory ysheey okeshy shody peshy todydy,100,6:4,4
f27r,1.0,1,D,E,c,3,Herbal,A,1,1,Colour annotation,ksor shey shoteo chforaiin shyshod chary dy coain shol dain shokyddchol cthey ds chol shy keol chol chy shol chydaiin chey dam qokey chor char chy dchy keeychos cthody dor chees ctho shy char ydaiin dair chy chols chor cholohaiinshy kchal dy,101,6:5,5
f27r,7.0,1,D,E,c,3,Herbal,A,1,1,Colour annotation,kchey chey kcheol pcho schey lychals cham ytchy chy chol dy chey dainchol dchey keeod shotchey chol otychy tolg qotchey shes chy tchey dy chol daiiin chees chos ctey dan dain cheokeey chey cthey otal otchodeey,102,6:5,5
f27v,1.0,1,D,F,c,3,Herbal,A,1,1,Colour annotation,pochof chof cho sho soly shol ytchar opchory kchor chor dchy chkar otchy shy shy dchy dshy kchy cheo daidy dchy kchey kchy dchokchy dsho dcar chodchy etcheody shld okcho chy kcheed chl chol kodo oksho do cheesg qoky sh keeo scho shkolchotchy ctho dol dsho kchrrr okeedydchschysotchdy sho shoykcho shdydchdchschsyotchdy okshes okchokshy,103,6:5,5
f28r,1.0,1,D,G,d,4,Herbal,A,1,1,Colour annotation,pchodar shod chocphy opchol daiinotchol chy qo ldy otchor otchor cthol cty ctheol dydchar chakod dly qotchaiin shor cthol cthol shorchotchy tchodar choty chtol chotchy ctholotol choky qoty oksho otorchy kchoror chodaiinsho cthody okoy qokchol qodaiin otcholchy daiincho qokol kam sho shockhy shocthy otoldydshor dol oschotshl okchey kol daiinshol dsho otaiin ytchol deey yteol deaiin,104,6:5,5
f28v,1.0,1,D,H,d,4,Herbal,A,1,1,Colour annotation,kshol qooiiin shor pshoiiin shepchy qoty dy shory ykcholy qoty chy dy qokchol chor tchy qokchody cheor chor chol chy choiin,105,6:5,5
f28v,4.0,1,D,H,d,4,Herbal,A,1,1,Colour annotation,tshoiin cheor chor chty qotol sheol shor qoty chol chkaiin shoiin qotchey qotshey daiiin chkaiin,106,6:5,5
f28v,7.0,1,D,H,d,4,Herbal,A,1,1,Colour annotation,pchol oiir chol tsho shotcochy chtshy dair okain chan chain cthor dainykchydaiin cthol sor chear chl c' choly,107,6:5,5
f29r,1.0,1,D,I,w,4,Herbal,A,1,1,Colour annotation,posaiin she aiin chep oty chy qotchy qoty cheecthy dshe ykchy choty oky cho chchoty choky chy ty dy qokchy qoty kchaiin shear cthordchor choly chocthy qoos chos,108,6:5,5
f29r,5.0,1,D,I,w,4,Herbal,A,1,1,Colour annotation,kcheol cheor sheos sheey teey dashos octy chokshy shocthy shor shor daiinqokaiiin qokchy chol shokchy qokaiin choetychoty kaiin shor chor shosheky shy qoty kodydaiin cthy qokshe qor chey kor cheod ychom,109,6:5,5
f29v,1.0,1,D,J,w,4,Herbal,A,1,1,Colour annotation,kooiin shor chetchy ol ls shytchy cthy shycho shy qotcheaiin chol chol cthy chey ctholdytchor dary chol chol kor shey odaiin qotchy taiins she otey sy ysho otshy okaiin cthy oltchy ctosshot sho okaiin,110,6:5,5
f29v,5.0,1,D,J,w,4,Herbal,A,1,1,Colour annotation,tochon chain shan shotychshyshy dchor chol chaiin shaiin cthoddarchsshody qotcho kchor ykaiin dyshdychocthy sheky shotchor cholody dainchctichy cthody dol sho chokor chor chy ydaiin choykeeboaiin,111,6:5,5
f29v,10.0,1,D,J,w,4,Herbal,A,1,1,Colour annotation,qokoiin okaiin choctichydchykar chteor octhydarchytotody qekeochor otchey,112,6:5,5
f30r,1.0,1,D,K,x,3,Herbal,A,1,1,Colour annotation,okeeesy chey shorchey fcheody shey tchy shey ychody chey chkeey ksho keeor cheor shey she keeodol sy chodaiin cho ry chey doiin sain chorain cheey keem qokechy qoko qop char soin chan qot chaiin choko qokochy deeey dkeeor cheoldain chory dchorol sho chor cho ro raiin dor chseeor dy qor chain cthorchy,113,6:5,5
f30r,8.0,1,D,K,x,3,Herbal,A,1,1,Colour annotation,opchol ol chesey scheo chey okealdcheo rchey dchey qochar chol keeaiin chctheychor chokchaiin dchor chkchean qotchychctho rchody qotchor cheor chey cheor chey soeebydeysor dcheey ckhey ckhey chkeaiin darchorychdain chodaiin chtchey chear shy,114,6:5,5
f30v,1.0,1,D,L,x,3,Herbal,A,1,1,Colour annotation,chschain shosaiin chocthey sho chepchy shor sheaiin qotchor chy she kchor chory keor ol chy ctholdy chotchol cthol doiin chokeor chtoithy otchey chor checkhy qotchod dain choty chkol ytor cheoldy qokeeor chokol chokeody dair chakchy sho kcho tcho ctho sos oyshy cheotol cphoaiin cphey qotchor chor sheey cheolsos sho sheoldy otcheor sol chokcheey kchydy,115,6:5,5
f31r,1.0,1,D,M,y,2,Herbal,B,2,2,Colour annotation,keedey qofchedy shee aiin qokee chepakeo dcheey okeedy qokees aiin shekeey qef qokeey chey qokeey sair chekey aiin da? qotar chy lo ar cheey keeol chedy qokey sheeody qokeor,116,6:4,4
f31r,6.0,1,D,M,y,2,Herbal,B,2,2,Colour annotation,tshokeody qokedy qotedy chepos cheda aiin ykeedar saiin checkhey sheol qokedy ykeedy chedy ldy shedy qokedy cheol cheod qokeody cheol checthy daiir sheeo shcthey okeol,117,6:4,4
f31r,10.0,1,D,M,y,2,Herbal,B,2,2,Colour annotation,tol shso okedy okedy qokedy qokeedy shedshey olsheol qokchy chey deey kchy okaiiin qoaiin yches okedy sheey chedaiin olsheor qoekedy otedy ykedy dals saiis or chedy okeedy yshedair sheol okedam oteor aiicthy,118,6:4,4
f31v,1.0,1,D,N,y,2,Herbal,B,2,2,Colour annotation,podair sheedy otedy oteedy qotolcheo ar ar dkchrar als ytchos ockhey okeeo cheody okeey keeody cheody keedy ykeeo shedal okedy keo dy okchey sair okees lkedy dair cthedy qokedy okeody chedar oked al ockhedy okeedy otas ykeos cheeoy or aiin,119,6:4,4
f31v,6.0,1,D,N,y,2,Herbal,B,2,2,Colour annotation,pcheeody qop chedal checfhy chefchol or cheef alaiin opal sheo otar olkeedam chol keeol checkhy okeol okal oky cheokar okor ary ykaiin chee ksheey ychekeeor cheor checthy okechoked lchey okam ytecheol sheoeky okeos aiin aikhedy chkaiin chetchey ctheey okear choar al kar oeeeos cheos aiin ckhey okeo kor okeol ain saiin ar ckheos chedy okeey qoear oraiin cheam,120,6:1,1
f32r,1.0,1,D,O,z,1,Herbal,A,1,1,Colour annotation,fchaiin shykeody daiiody dainsho tchy oty qopy okor okchor sheor ckhy daldshodar qotchol qokchor chor cthol chol doldcheodain schor dshor ytsho daindaiin choddal qotchy qokchy,121,6:5,5
f32r,6.0,1,D,O,z,1,Herbal,A,1,1,Colour annotation,fcho tcheychedy dol ol dair qo ar dam dytchor dary dchor ctho shos chckhol shodaiin tol otcho rol dain cthy schey qot shey cths qokchy qotol doiir ol otchol chey soty chokeol dchoty doiin sho shy dol dchol dan,122,6:5,5
f32v,1.0,1,D,P,z,1,Herbal,A,1,1,Colour annotation,kcheodaiin chol kechy qotaiin daiioamo chofchody odar chy chey tchy dydain teor shor chckhy dsho dain sshokey ka or chr chor dor chaiin qotcho chydcho chokchy shy chor qo kaiin daindchol dosg kchan chol shal dchcthy,123,6:5,5
f32v,7.0,1,D,P,z,1,Herbal,A,1,1,Colour annotation,ksho cphos she sheaiin otshcho dainshckhy odan otchol ctho qotaiinotchy dshan qotchy cfhy skey chocthy cthaiindaiin sho keol chor chol cpho cthol daar ol sho chy,124,6:5,5
f33r,1.0,1,E,A,a,1,Herbal,B,2,2,Colour annotation,tshdar shdor shepchdy cphody yfoldy qofoikhdy otchedy lfchdy ytchedy qokar okaldy qokaldy oldar qotar otar otardam laiin qokedy shedy chdal chechdaiin qokchy ody chekeedy ykam taiin chekey or al aiiin saiin okaiin cheedy chkeey far aiin pair or aiin otaiin ol kor aiin okal otal chdal shekal qokar otam yteey shody kchedy dy chekar okaiin okaiin okal chos aiin or aiin cheekaiin okain ar okeeey,125,6:3,3
f33v,1.0,1,E,B,a,1,Herbal,B,2,2,Colour annotation,tar ar daiinydain cthey dolssheky ar aiin cs kchdy dam dyokyotal dain chdyytam otam cham chckhy dydykyckhdy oky damokar dy kam dy tokar shdy dalqokar shdotody chedyykedy dodl dain tchdy chody okaiinchckhy dor arlcthy dy ty dyykar dy ycheo olaiin okar chdy chdy oldyokar chdy,126,6:3,3
f33v,7.0,1,E,B,a,1,Herbal,B,2,2,Colour annotation,tshdy shefchdy shckhdy oltedy okycheol orainchdyshdy porar ar sheey keedy okchy okar okedy chydaiin dy' dydar aiin okary or aiin chor or shkair shol or chckhyar aiinokain dy lcho ar or chey lodaiin or okeedy okaly tar al oram,127,6:3,3
f34r,1.0,1,E,C,b,2,Herbal,B,2,2,Colour annotation,pcheoepchy olar ylyfody okedody shod ololdy ytey ytar sheody lamocthedy otedy chdain oltey kchy ty qotedy chyty chdalydar chd otedy qotol okedy dody ody kam ytedy chey aiinshy chckhyoltchedy otedy dam checthy qoteedy shedy shedy olokes arykeed chedy otey okaiin chekey chetey ollchesydaiin fas aiir amg qokedy chdyolchyykchyykedy qokchdy as oldam ch'otchy qokyolkcheckhyys air air chodar tam ykchdy qodarchctaikhyor lchey todaly okaiin dardy,128,6:3,3
f34r,10.0,1,E,C,b,2,Herbal,B,2,2,Colour annotation,tcheo olchckhy olyotchdy chefalchhs qokeey sh kaldaiincheky cthdalyotchedy chty aiin char aiin okor ar tolqokar chckhy chdal ked qokar ar dam ykeo lor ochey olyokaly kechdy qokchdy chor ar aiiin daly or ar kar ol al okychody qokal chedy chcthedy daram sair chekar shekcholchedy qokedy yk cheolchcthy,129,6:3,3
f34v,1.0,1,E,D,b,2,Herbal,B,2,2,Colour annotation,ke'chdy chdy chefchy shdy qopchdy shdydy chdalchdy ypchdy chcthdy spaiin tol qokchy dychedy okchy chckhdy chdaiin ckhy loees ykar aiin oldam ytal shor chdal olchdy char or ol kedaiiin chcthy okchdy chckhy dasam tchdaiin chekal shedy qokedar chdaiin oldar qoldar chedy otam lshaiir or air shedy chechey dykey kair chedy qokar chekaly chalky,130,6:3,3
f34v,6.0,1,E,D,b,2,Herbal,B,2,2,Colour annotation,pchedar shear qokchdy qokees cheol ypchdaiin chedy lr ar chedain olchdaiin chedy chey keedy chy kedy dy qokedy air chkain otain ysheos otar ar choraiin olchdaiin or oldar chdar okam lsheody cphy qokeey keedy kchdy chedy qokedy chdy kal shs oldaiin chdy tedy kchdy okeedy checkhy chdy kain chear or okedy okam yshos ody aiin okal shedy,131,6:3,3
f35r,1.0,1,E,E,c,3,Herbal,A,1,1,Colour annotation,choo choly chy choty char dy qokeeaiin chokaiin qo tchy dchaiin cthey qotchey taiin cthory qotchy shet chy ckhol cheey dainl otchor sho tcheey scheey dain or schaiin char chan shosaiin tchor choky qokeey ky kaiin,132,6:5,5
f35r,9.0,1,E,E,c,3,Herbal,A,1,1,Colour annotation,paiin chear aiin chear shorchaiin aiin chaiin ckhy chl chochy shoheaiin chol cthaiin chaiin lchal daldair aldy olor chy chaiin chy taiin kchey koldychetchaiin qokoiin chaiin qokchaiin lshy lodalyoteey taiin cthol chol aiin qotchy otchor daiinshol qotaiin ochor chiin ytain,133,6:5,5
f35v,1.0,1,E,F,c,3,Herbal,A,1,1,Colour annotation,parchor chocthy roaiin ar qotchy tchey kchor yty dchor choty chyty ytchy qotchy dchy cthy dchokchy chocthy chckhor shol tcheey chkcheeu chcthaiin tcho tchor shol sho co kol oaiin tchor cho chotchy dchold qokchaiin cho ksho choiin okcheey chosar shory qotcheeaiin chodaiin dchaiin aiin aiin ol char od ar chear tcheain shy tar dain ykol cheol okchy tch ydaiin okeey aiin dain chkaly choly qokeeeb chokeeo schokey keol chol sodaiin shy dchy ckhy dan doiin chor chor,134,6:5,5
f36r,1.0,1,E,G,d,4,Herbal,A,1,1,Colour annotation,pchadan qorain chcfhal soiin cphor shaiin cthy dair oral shor ytaiin qotaiin qooldy chty chol dy tor qotchy tchy aiin dolsain,135,6:5,5
f36r,4.0,1,E,G,d,4,Herbal,A,1,1,Colour annotation,podaiir cphy qoypchol somc'ychy dchy fchom qor chol ctholy sorchy sychytaroiin okaiin cthor kaiiin sdain andan qotol cthol dy okchyytororysold ytchor cthol chaiin yd ytodaly otaro,136,6:5,5
f36v,1.0,1,E,H,d,4,Herbal,A,1,1,Colour annotation,pchar asy qoforom shoaiin tchey chckohy otaiin cphar qotor chol otaiin qotor ytar ochor chety ckhor dom dchytchy ytor sotaiin qopchor otar otchaiin qotchor ky ty dydaiin cthor,137,6:5,5
f36v,5.0,1,E,H,d,4,Herbal,A,1,1,Colour annotation,tchor ckhoiin cphchar cthor dys qoky keol okchor chy shan ykshy ytchy dol tydy yky okaiin kcholqod chory ykchotchy daiild oty chcthy ytoryd ytol kchy oty chd oky she cthol oty soiin chtain,138,6:5,5
f37r,1.0,1,E,I,w,4,Herbal,A,1,1,Colour annotation,tocphol shaiin qotor ofchor oty chory otod or ykoiin cthor okaiin qo tchy ytody qokaiin sho ytaiin qo shy qokaiin cthol dy ckhor oky dy,139,6:5,5
f37r,4.0,1,E,I,w,4,Herbal,A,1,1,Colour annotation,pchotchy cfholdar chol daiinyd yky qokchy qotchor chkol otoly shor shol qokchy qotomodydchol sor chey kor qokor,140,6:5,5
f37r,8.0,1,E,I,w,4,Herbal,A,1,1,Colour annotation,koiin chorody qokaiin c'hhory otalshor sheor ykchody qotchy ykaiin chy qotordyotcho loldaiin qoto kchochor dchor chy shy daiinychey kol daiir okchor ckhy dain,141,6:5,5
f37v,1.0,1,E,J,w,4,Herbal,A,1,1,Colour annotation,tshody qocthy qotoldy chopdain sol dor chol cthor orchochor qokchon shy chon dy dshor dytory dshor dchor qotol ykchon dain yokor ytchor saiin oty qotchor,142,6:5,5
f37v,8.0,1,E,J,w,4,Herbal,A,1,1,Colour annotation,qotor choiin chetchy dor chor sho daiiin soiin ch'ey koiin chey tom qotoiin choror cthol chor shyly sheaiin do tody sotoiiin,143,6:5,5
f37v,14.0,1,E,J,w,4,Herbal,A,1,1,Colour annotation,todain cphaiin cphorods soiiin cheoky dain qotor chotaiin sokchor qokoiiin ykeeols oyteey daiinody qkaiin qotal chockahy ykol oshctho do cthols qotol ytoiin chocthhy yto chol,144,6:5,5
f38r,1.0,1,E,K,x,3,Herbal,A,1,1,Colour annotation,tolor chockhyoky choiin okshol oly oky okshey chodysytoiin otaiin otaiin cthar qokor okaiinotaiin qo kchol chokokor ychok chey chckhchy chko odaiin aiin sy kor chey kainchor ctho dain ckholdy ysho sho kosdaiin okoy chochor,145,6:5,5
f38v,1.0,1,E,L,x,3,Herbal,A,1,1,Colour annotation,okchop chol shotol okeea schor aiin choiin shey key sho chol ldyokeaiin kom qokeey keor daiindair okeey aiin qokeey chotey todyoky aiiin qoty chol oteeol dodycheod chody sho keeey key tey daiiindain dain qol chy dain or daiindain daldy aiin char chshol chokaiin,146,6:5,5
f39r,1.0,1,E,M,y,2,Herbal,B,2,2,Colour annotation,tedo chshd cphhofy chdain shey fshy dy orain cheepaiin ofy shey kaly dy olchey qokedy shekshey qolain chckh'hy chdy dair shckhey dold qokalchdy chekaiin checkhy darshed qokeedar eeedy ar cheey dyckhy tchedy chdy olaiin chedy shckhdchy chol or ordy chees aly okalcheg dchdy chdy ykaiin,147,6:4,4
f39r,6.0,1,E,M,y,2,Herbal,B,2,2,Colour annotation,pchdaiin she dam qofchedy shedy kchdy dydy opchekaiin shockhhy shdalo ry dchdar chedy cholal qokedar chdy chckhdy ar al ydy eee aiiin lchedy shedy qokaiin chkeey fchedy okam chcfhhy saiin chckhy daisog tchedy shol odal qokaiin shdaiin,148,6:3,3
f39r,10.0,1,E,M,y,2,Herbal,B,2,2,Colour annotation,pchdar shedy ar aiir okair ykeols shedy qockhdy laiin c'yky dshdy ar aiin yken chdy ykal olkaiin qokaldar cheol aiin tolchdaiin chckhy aiin olor chls aiin oky aiin ytor chdar shey qokaiin chor kar sheolkedy otedy tedy aiin shckhy chekl ol chedy otal chdam qokam qolkain ol cheol ol dld ar ador aiin ofcheefar cholkal qokal ykdy,149,6:3,3
f39v,1.0,1,E,N,y,2,Herbal,B,2,2,Colour annotation,pdair chdy fdykain or air sheykaiiin ofchy kar or aiin dolky oshdy sor shy kar chol qoty kchdy olky chdy ykar olkedaiin ody dy chor okain okaii fchody saiin or aiin qokaiin ytodaiin okam okeey chody cheor aiin okody chodal ykedy qokedy aiin shky ytedykor or sheky kain otar or aiin okaiin ckhol ol kor oto ofchy lkedy okchey shor qoykam cho ckhcfhhy or aly shody,150,6:3,3
f39v,7.0,1,E,N,y,2,Herbal,B,2,2,Colour annotation,pardy shedy qokar sheedy oralyolaiir okar ar oekar aiin olkaiin olky aldshek chek qokchy ain tar aiin ar ain cheor ydamshody okal shd kshy or ar ykar or yky chdy fchorqokain ar sheedy olchef sarol chedy shekam qokar chlykeedy chckhy dalor dy paiin alaiin otal chd okar amokar cheodal ockhy dain ockhedy otedy okedylchdy okaiin daiiin tar aiin okaiin cholody,151,6:3,3
f40r,1.0,1,E,O,z,1,Herbal,B,2,2,Colour annotation,pchey eodar aldydyqoky okal shdy olkedy opches ar ordaiin qokar okar okedy darykchey kaiin okas chedy okar ralos shy qokal chdy chckhdotor aiir ky okolchy qokar okam or aiin chekody darqokol okaiin okar oky okoldy ol lokar qokar okarokol ol chedy qokchd ar ar or dag tor or ar shok or amo lshedy qokam chdy kar oraiin yaiin chekaiin okyycheey,152,6:3,3
f40r,8.0,1,E,O,z,1,Herbal,B,2,2,Colour annotation,ksheo keeey aigkcheo cfhdy or ain chefal dg taiin ol olaiin ordain okaiin okaiin okaiin daram saiin olcheey chdyychey kaar oky ykedy okair ody toar ykaiin ory,153,6:3,3
f40v,1.0,1,E,P,z,1,Herbal,B,2,2,Colour annotation,pchedain chefaiin oldy todar qokaiin ol arag air ain okaiin okam taraiin okaiin chckhy solaiin okar oly chckhy qoeedaiin ol chedy shody qokol chedy ar chodaiin chkalykedy okal tchy pchody pchdy kor ol tchkaiin tchedy qokaiin oraiin schedy qokol chedy dalor aithy ycheekeey okaiin,154,6:3,3
f40v,13.0,1,E,P,z,1,Herbal,B,2,2,Colour annotation,toees chedy kedy olfchedy qokedydaiin chefain saiin lchey kchedy okar qokchdy dyqokees chdy qokchey qody or aiiin kaiin ckhysheod faimy shol kedy lor ar okar qoky kedy ryteey qokam tochey qokeedy qokaiin okeos qokarokees ar oky saiin otain chckhy okal okair arolqokey okary pchedy chetar ofair arody,155,6:3,3
f41r,1.0,1,F,A,a,1,Herbal,B,5,2,Colour annotation,pshey kedaleey oked seekeeeyopshes opchd qotchedy shkakeedy ykeeo alshey ykedy kesh dy dydor ycheoky qokeed chpy qokedy dy qok say qokedy ychdykchdyqokedy qokedy shekchy daly chdchy ytcheeky ypchedy schdyytedy cthhy chees otal dam qotchy yteedy kchdydchedy keedy dchedy dalain,156,6:3,3
f41r,6.0,1,F,A,a,1,Herbal,B,5,2,Colour annotation,shedey polchedy qokeey chekedy yteychkeeodypchedpy shepy shedy parchdy kchey yteedy qokeodookedy chkedy qokedy chedy qokedy dair chedy chckhy qokey lchdyqokedy qokal chekedy qodar ag qokeedy okedy chekedy chedychckheody chekol cheo al otedy sshok shedy qekchdy dchdaldyykedy qokeedy qokedy qokeg ykeod ykeedy chekeedy cheked,157,6:4,4
f41v,1.0,0,F,B,a,1,Herbal,B,5,2,Colour annotation,keeredal,158,6:3,3
f41v,2.0,1,F,B,a,1,Herbal,B,5,2,Colour annotation,pcheody qofcheepy ofchdy cfhekchdyypchedy chepchefy shdchdy qotal dshedy tchey aiin shekey okedy okalydaiin okedy ykeeody choy keoy dam qokeody qokeody oleeol lkedylkeeody qokeedy okeey qokol sheols ycheos olchey or cholalaiinoteedy qoteol oteodar orain tadaiin ol cheos yteedy okal oldoteol qokal or oteody ykeeol ckhdy chdalykeo aiin okeody oly olkeeo lkol chedy okeey,159,6:3,3
f42r,1.0,1,F,C,b,2,Herbal,A,1,1,Colour annotation,cho ofaiin cthaihchy otcheey pchear solkaiin char otshaiin daiiry toshy chtshar chotar chain shor chetar chotais cthaiin qokar chockhy chotor chy kary dorain ihar,160,6:5,5
f42r,7.0,1,F,C,b,2,Herbal,A,1,1,Colour annotation,pcho chy kshaiin shotaiin cham shan yshol chees cthol shor shol ety char qotchar otchol ctho kchodan chkchory choty dol ksheo cthor cthol cholshol dain qotor cho chody shol ctheey darchy daiidy dcheey chol shol chokaiin choeky dckydain qopor shol shot shol shol dain scheam sho kshey choty chdain chodaiin daiindam pchody otshey dodaiin,161,6:5,5
f42r,16.0,1,F,C,b,2,Herbal,A,1,1,Colour annotation,pydaiin sheor shaiin tsh olchy sholy shotol shol chety chokchy chkaiin qody cthochy otaiin shy kshes chorain otchoty chot sho ckhy cty shol chol shoky sho chol shol chal shol chol chol shol ctoiin c'os odan kchaiin chos ckhaiin choro chaiin okchol shol kolschees,162,6:5,5
f42v,1.0,1,F,D,b,2,Herbal,A,1,1,Colour annotation,cho cto sheey qocho taiin sholschol chor dain dshey tchey kchey chtchy chy dandain sho chotody chotol oky chol choldl chcthy otoy qotchy chkchy dyodaiilykchy kol dg chokeeo chey chetans aryokol chetaiin okeokear cheotcharsysaiin cthar chok sheo key keeeydchekeesshy sodal saiin,163,6:5,5
f42v,9.0,1,F,D,b,2,Herbal,A,1,1,Colour annotation,posheor sho char chekchey qokodsho cpheo rchy schor okchey chy shol olor cheaiinctchy tcheeb qo aiin qokeey kchol cheal eoldshey teaiin chotcheey chol ol chaiin oteeaiinchkchy taiin sho chey teor shey checthhy daiinchokeey qoteey chy kchy cthy ctsees cholysarar aral chokey chol okor odeey,164,6:5,5
f43r,1.0,1,F,E,c,3,Herbal,B,2,2,Colour annotation,tarodaiin ytedy eeody ofchtar chcphedy ypar shol folor aiin cphey yteody ytedy ar chety aiir okaldy daral otchdy dals yty yty oty she ody shy olor yteedy kaiin chky qotydy aiin ykam das ar ytey tedy kar arar she kalchdy cholky qotaly chedy oty otam ykar chedy shekody qotody qotar okedy choetchy dam otain tam kchedy chedy daly cheody cheolkeepchy,165,6:3,3
f43r,7.0,1,F,E,c,3,Herbal,B,2,2,Colour annotation,pshesy otey kshdy opchdy kedar okedy chdy shocphhy dyty dy pchdy kedy dam ytchedy chedy cheody shy qoiiin sheeeky chedy dain shy ykolor otaiin old dshedy qotedy dor cheey odain,166,6:4,4
f43r,10.0,1,F,E,c,3,Herbal,B,2,2,Colour annotation,pshdar shed ody qotedy yfchdy qockhhdy opchdy qokedy dydydy qotar ytchedy ty shol toldy shody oteedy shdy otolol shd olky ytol otary dy dor shol qokol shedy qotedy qokeedy qokody okeedy otedy shedy oty yty dy saiin tshed qosheckhey odeeedy qeokeey qotedy shodody shochol chckhy kedydy ykeody checkhy choteey odain chckhhhy chokoraiin,167,6:4,4
f43v,1.0,1,F,F,c,3,Herbal,B,2,2,Colour annotation,pdsairy dalteoshy doly sheet or arodl lkeo araiin otedy opolde shedy octhy otedy chedy cheskhy okeody oky okaldy kchdy okar tody teedy qot chocthy chky oky chdy okedy ykaiin chey ody dary dch'hey ykeedy chees ain shy qocthedy chey qokar checkhy okam qokchedy oralody otedol chcthdy chtey,168,6:3,3
f43v,6.0,1,F,F,c,3,Herbal,B,2,2,Colour annotation,tolkchdy okedy qokedal shedy okedal shedy pchdol otey dalorain ytshedy ykeody oykeedy chedy tedy chcthy otam ot ytaiin otas shetcheodchs ochedy oteody chedy chody sheody ykar chef ytchdy olos aiin ockhy,169,6:3,3
f43v,10.0,1,F,F,c,3,Herbal,B,2,2,Colour annotation,tarchor ar aldar chdy daldar chepy yteedy ypchey pchedy yfor ysheey or air yteey cheody ar sheo qody chckhy chdy choty shecthy yshee kedy chey qotedy etaiin chedy cthey or aiin odain dshedy tedy ckhedy chekcheey dy keody otedy cheetam okedar amam dykeedain chedy okeedy chedal olkey choal chedy oteorom oteod qolkeey kaldy chy darody qokeey kol dary taros ol eees aiin oloaiin oteos qoky chey,170,6:4,4
f44r,1.0,1,F,G,d,4,Herbal,A,1,1,Colour annotation,tshodpy oraiphy koees ypsholy shy otoloaiin ydsh dyeees ty oky okchey qykchey dchy dy oair ekokeey kshotol otal ototaykal ychor ykchey ykchy chody dam,171,6:5,5
f44r,5.0,1,F,G,d,4,Herbal,A,1,1,Colour annotation,toy shysho qoteey char cheeky sheey ytey dshor tchol shy cheekchy qotchy otchy qotch' oqd shol qotshy oyty chom,172,6:5,5
f44r,8.0,1,F,G,d,4,Herbal,A,1,1,Colour annotation,pshy opchey qopchy ofchey roiry sholos ykchy otchol ol dchckhy qoky qotchy qokchy qokyd qokchor okchy qoto ykol choky choky chol dam ytsho qockhy okchody,173,6:5,5
f44v,1.0,1,F,H,d,4,Herbal,A,1,1,Colour annotation,tsho qotshy cthol chor shol tol qotshol otoldy yolkol cheol qokchain daly otchol shol qotor ar tol okchor shcthy cthy cthy,174,6:5,5
f44v,4.0,1,F,H,d,4,Herbal,A,1,1,Colour annotation,yokalod shaiin shor shorody shky sho tchy opchod opy oain shol cthy cphaiin ykchor otchy qoty ytchear cthain tol dair ytaiin dol kchain oty otchol ytaiin dy oky tchaiin cthol dy cheol ololy,175,6:5,5
f44v,8.0,1,F,H,d,4,Herbal,A,1,1,Colour annotation,tsheody cthaiin odaiin shol shey cthyykodaol dshor cthees lkeees ckhy chcthy lo lsho qokchy tshy cphaiin cthal kal okal chol chol choky okaiin cthy otal ychey teol chaiin chcthy ctho cthol lchor shol dairl,176,6:5,5
f45r,1.0,1,F,I,w,4,Herbal,A,1,1,Colour annotation,pykydal shaikhy oty shey qop char opchal ypchor ofchar shor cthy qoky qokol qokaiin chol chol ykaiin om qo chcthy kchol qoaiin cthy chaiin cthom lor kaiin ykeol ykeol cham,177,6:5,5
f45r,5.0,1,F,I,w,4,Herbal,A,1,1,Colour annotation,kol sho pchor kchey ty opchaldy otshy qokchy dol otchar okchar ytchody tcholol otar dary lchar qor kar,178,6:5,5
f45r,8.0,1,F,I,w,4,Herbal,A,1,1,Colour annotation,tchol cthy qodaiin cthy dain thhey otydal or or chain dain ykolody ytaiin qotchol kol dy okaiin shar yky oky kair daldy dalor cheol okaiin okcho laldan daldaiin,179,6:5,5
f45v,1.0,1,F,J,w,4,Herbal,A,1,1,Colour annotation,korary chko kol chey fsholom shor ykchy dod opchaiin olald chor cthy okchol chom okolor dyokchol qokchy or cheol qotol qotol chy ky cthodykar yd okchy qockhy dain dail dair shy,180,6:5,5
f45v,5.0,1,F,J,w,4,Herbal,A,1,1,Colour annotation,qotol choiin okchar otyshoto dol pyotytam ?s aiin cphor qokcy todytchdy dydy cheg tchtcho kchol dshy tyolytchom yksheor odal sho dy pchomotor oaiir ychor cthy chol qokom sysa ykchom dshor otshy oky tshololytchord or chor ytchy doiin dcholdy,181,6:5,5
f46r,1.0,1,F,K,x,3,Herbal,B,2,2,Colour annotation,pcheocphy qotedy chety dy chepchx yfcheky osaiin shee qoteol shee dy daly sodaiin sheeoly qoor sheo teoly chckhy shck sheet shedy xor aiin sheckhy shor ykal chekhy she dalshedy qokol aiin shee ykar tshedar chol kaldy chckhy qokaldy chekal chckhy sheky sheky dalocthhy okeedy shekeey ykey shedy chdy shky qotsheod ytedy ytey cheor,182,6:1,1
f46r,6.0,1,F,K,x,3,Herbal,B,2,2,Colour annotation,tedy dytedy shee keedy ypchedy chdalor sheedy odos aiin opchedy dykedy chdam xol shol qokaiin ytchdy qokchdy ar chdy cthy otedy chedy qokar chcthy dsheol chy chckhy shy shdy chky chody cthdy cheos chey,183,6:4,4
f46r,9.0,1,F,K,x,3,Herbal,B,2,2,Colour annotation,tshdy shdy fchedy dyfchdy shol kees ytaly fchdy dy karal shky yty dardam tchey shy chkal chd qokdy shdy adoldy olaiir sheol,184,6:3,3
f46r,11.0,1,F,K,x,3,Herbal,B,2,2,Colour annotation,pchdair shd shep shdy oifhedy qopchdy ldy shear opdarshdy yfchedy techy sheockhy choky aiin shey kar sheckhy chdy chckham ar akaiin shol okeey chol ols lain,185,6:3,3
f46r,14.0,1,F,K,x,3,Herbal,B,2,2,Colour annotation,otchealkar sholkshy qokar cheol okal dam chdam qokam qokar shol kal alkeody,186,6:3,3
f46v,1.0,1,F,L,x,3,Herbal,B,2,2,Colour annotation,pody lshed ypdy shedy opchedy ytedy oepchol yfchey tochsy okas ykchdy ytair aiin otchdy okaly qokedy otar ar oldy otedy saim tody ytchey keody chockhdy chotal okalshdy sh?y qokar oty qoty shedy chedy dam ydaiin chckhy chdal olar chckhdy chdody tar cham kedy kaiir shckhefy lodaiin shedy qokedy chdy okedy dykaly chedy okeedy ar air cthy tor aiirchar shedy olaiin qotedy sheedy qokaldy qokedy doir chody cthey dchedy cheeky dam ched lchedy chedy okeedchsy qokeedy chetedar or aickyy yteedy shedy checkedy chtedy daim sheol ar chey okaiin daim oty om tolshey otedy chocpheod oty dam dair aly chdam chcthy chdam ykar chedy,187,6:3,3
f47r,1.0,1,F,M,y,2,Herbal,A,1,1,Colour annotation,chair oly sheaiin shol chdy chokchol chol choldy dair chad aiin dor chol chy chaiin ckhey chol dain okaiin qokcheo cthey chokain chol kchdal dain olshey chokolg,188,6:5,5
f47r,6.0,1,F,M,y,2,Herbal,A,1,1,Colour annotation,folr chey so chol shol aiin shol shol chdy cholol schesy kchor cthaiin chol chol chol chor ckhey shokeey chy tchod choy sho chtchy char ctham qoko kor chaiin okal chol okcho kchorsy shy otcho tor chey otchy tchol dain dam dsho cphy daiiny,189,6:5,5
f47v,1.0,1,F,N,y,2,Herbal,A,1,1,Colour annotation,psheot cheor cholsho chopchy salsary dsheey shy cphy otchey daiidy chorydaiiy shol char dor otchol chkchydaiin qotol sheey kol sho keechy qotycthy dsholy shees chor ody shy sysary chody cheor saiin dochodchol,190,6:5,5
f47v,7.0,1,F,N,y,2,Herbal,A,1,1,Colour annotation,pchodaiin dair dcthy cheotar chodaly qotcheey chety chol chol dain chotcho ltchey tcho tchy dychol chody cho chdy chy key chykydchy chy chy cho keesy chy chy chekychochy dshy chdlety chaiindcheey otald chol ctchey,191,6:5,5
f48r,1.0,1,F,O,z,1,Herbal,B,5,2,Colour annotation,pshdaiin ypchdy opchey chy sheodaiin sheokeol ykeeody olaiin opaldy yteeol cheody kechodshey qotedy chtaiin otchdy tedain okain ckhy sheody she teoteey oteodaiin ody qoteo kedy dol odal qotar opchety ldy tolkeol dain otaiin ykeedy chet ytedy tedy qokdy tshdy chetedy ctheety yteey teol okeody cheockhy olsheey qoekaiin octhey cholkar aiin cthar od alshey lkeedy ytchedy qokedy lotal qotol otal ched key daldy tocthy qokeol yteedy lolkeol otolches al ar ykeeodam okedy okam otchdain shol oteoly dam dr yteched ar olkey okeoam,192,6:3,3
f48v,1.0,1,F,P,z,1,Herbal,B,5,2,Colour annotation,pcheodchy dshedy fchedy los aiin ykeeedy shey ypchedy teedy chdy ypair chedyty chey tedy otchody ykeedy otar yotedy cthdyokain chety choolkeey alchey kor keody olkeeey chody chedy dalyokeeor aiin otar air dchedy tchddy otsh okeey ty otar alchdyyteedy oteed kedy lkeey qocthedy taiin shed qokar otedy dydain tolkain otam shdy qokain okar otar or otees ol or ainotal ok tar chedy,193,6:3,3
f48v,7.0,1,F,P,z,1,Herbal,B,5,2,Colour annotation,pchedar cheyypchedy otedy shef eeedy alshedy otedy fcheodal cpheeg oteody chkeyokedy chckhedy ykedy oldyotoly chey kaly tokar otam tor shody okalotchedy oly loldy lolotchdy otoldy ytam otedy tol chedy ytedyykeol chdy chdor chtol chdyytchedal cthey okar ar ary ykeedal chckhyykal tam or cheedls sary,194,6:3,3
f49r,1.0,1,G,A,a,1,Herbal,A,1,1,Colour annotation,pychol dy shor shol shtchy shorpchor opchor shor kchy qotor sho chotchy choshy qopchar q'o dor dshodchor dchor dor cheoraiin,195,6:5,5
f49r,4.0,1,G,A,a,1,Herbal,A,1,1,Colour annotation,ksho qodain chotshy dodar chor sheor chey teey qotan ol or she'ees sheoty choldaiin qokeor cheey qokchy qotody chot chor chy cheet qolsor oykeeey chey kshey choroiin sho choiin shor shor shy chotcheol dchol,196,6:5,5
f49r,12.0,1,G,A,a,1,Herbal,A,1,1,Colour annotation,podaiin cheo kcho chcthy c'od chol tcheol cthodd q'o shoqoky shor sheor ochol chol chody dchodaiin da'iin q'ocho cheey dchey qotchody olol ol chey chey kchy qotchol chosory sheor cheol od cho dcheeey qot chotchy dcheo cheey keolchey chokchol chokan qotcho chods cho chochy chs oriin odcho chor ety shol,197,6:5,5
f49v,2.0,1,G,B,a,1,Herbal,A,1,1,Sequence of characters or numbers,kshor shol cphokchol chcfhhy qokchy qokchod sho ckhy chotchy chcthy cthey koddy okeodsho chotshol dam shol shodaiin qotchar qotchy chokchy choky chotchy chodaiin dan qoteees cheo dol ochor sheeod ksheo dl q'oksho shckhy dchol cthol choky ochokeey ckhey dain chokag qokeol chokeeody kcho chol,199,6:5,5
f49v,28.0,1,G,B,a,1,Herbal,A,1,1,Sequence of characters or numbers,fchochor shol tchol opcheodal dchsychotchy dcho chol chokchodaiin chokchy tcholokchokol tchotchey chokeeodol rcheey otchodardcho dchog shocho oaiin sheo choty,201,6:5,5
f49v,36.0,1,G,B,a,1,Herbal,A,1,1,Sequence of characters or numbers,qotcho cheol chol cho chcthey dcheolchotchody chokeo sho cheor cheokchet chor dydaiin qokg oaiin chy chol chaiin kshardychokchy qokeaiin cheo chor choteey kcheol daincho daisin chokaiin cho dls chariin chain dychetcho dy oaiin cho rchseesy kchor solchctho qotcheol chey chor chokaly chor dalchaiin chol chor chkalchy chokeeokychokoran ykchokeo cheey,203,6:5,5
f50r,1.0,1,G,C,b,2,Herbal,B,2,2,Sequence of characters or numbers,psheor olkair olfchedy qopeeedar opchey dair laiin chefchdy sor orsheckhy ockhody shos alol dy kar oky daiiin okar ar okam tshol kar sheedy okeody qokedy chody kchdy pchdy chkaiin odam tchdy qokas chedy qokchdy qokaiin or ar alol keodaiin ols solkchy chckhy qokchdy qokchdy okar ar qokchdy kar ar okain ykain shear ol kchedy okal qotor cheeor olkeedy qoky todalain qotal kaiin otaiin otal she kar ariin okchedy dariin yk ykaiin sheekar otchdy kar shedain taipar orolkain ytchdy kchedyykeey kaiin qokain ald alosam solkaiinopalke chckhy darin chky,204,6:3,3
f50v,1.0,1,G,D,b,2,Herbal,B,2,2,Sequence of characters or numbers,tchy do ldar shotchdy qokchdy opchedy qokol shor ofar fardam tchodain oeeey okaiin shedy qokaly chdy oky keody cheey okain pochedy qokody checkhy shckhy dalol ykeeey qokedy okain okal qoain olaiin ols aiin okeedy okchdy otar chckhey or chy tair chckhy qekaiin qodaiin olcheky chedy chkedy okedyd kedair okal chody qokedy okar okchey okedy otar chkeey tedaiin odaiin or okaiin ykor choky qotchdy kcy dairam ykar okair qokedy ykchol kar chckhy olkaiin okain qo'd ytsheod ain sheshy echedy kchdyotaiin okaiin oky dchedy okaiin olchdy oloeedyykeeod ar arood lchey kar ykchy kchdy,205,6:3,3
f51r,1.0,1,G,E,c,3,Herbal,A,1,1,Sequence of characters or numbers,tsholdchy qotchy opchear ypchedy dcheodaiin ckheody ckhody chody ydchody ckhey oty ckheodar qoky ctes cheody ckhy cheeey tcheody qodaiin okeey qockhey taiin ycho chokaiin ykchodaiin ykald ychos ar eeckhy kcho qokchy qotal oshol odaiin ckhey ckheody qokey otydy tol daim qchodal qody qoetam ykchol dor shey qokeol kchey shol okam tchodaiin opheody qokol oteodaiin kol otag yoees ckheey kol cheeal okeor qockhey pchodal oaiin ckhol ykieol otchey cpheo ykeoldy daiiithy qodaiin kaiiidalcphodals al dam qokol cheor ckhal or aldyotal,206,6:2,2
f51v,1.0,1,G,F,c,3,Herbal,A,1,1,Sequence of characters or numbers,poshody qokodar shodaiin qotaldscheey saiin dy dshody ckhody qokol dykaiin chyqokey cthy tchody cthy chckhey qod ytchodydchol saiin ytam otaiin qodal ytol cheodar odyoteo shokog todaiin ytady qokol shodol qockhyykol otaiin okor ctheody qocphy qokal qotaiinotykol chol qotol chodaiin qokcheody cho chodycthol olcheety olkeeody qokal qodaiin ykhor ofal ckhol shain kcholol ykeol sheo qokody fold ycheoky sheey chey ochockhy cho ckhey cheol cheodain,207,6:5,5
f52r,1.0,1,G,G,d,4,Herbal,A,1,1,Sequence of characters or numbers,tdokchcfhy ycphko ytair shar qofy ypchy otchol yty oty shor ykoldy qoky koldal oteees dalsotar dl tchotshey qoty okchol tchody qotam okyytoldy shopchy qoky qotchy oty oty damychcthod oky chor okchal okchar shor tol ykairytchdam shedaiin qodal dy chokam otchordyokchol do qokch'y qockhom dals shodaim tcham dodyykeey daig or cheey dor shey kom cheey dchom,208,6:5,5
f52v,1.0,1,G,H,d,4,Herbal,A,1,1,Sequence of characters or numbers,pchor chcphol cphaiiin otcheor ytor kol chocphar ytchey chol ctho daiir shy kor ese chor chy dam oor chor chochar ls chteeor ytol sheol otam tchor ctheor ctheol cheeor cheol chckheey sody yteey cthor cheos cpheodar dysarg qotodaiin cthor oty kcholy,209,6:5,5
f52v,7.0,1,G,H,d,4,Herbal,A,1,1,Sequence of characters or numbers,pcheol sholoiin cthor aiin kodaiin cthy qokeey ol ckheol chol qokeyl yokeey qokody chol sol aiin shor qodaiin ckhey qoekar ckhol ykchody ckhy ykor okaiiin ckheeey daiig odar cheokor ckheey,210,6:5,5
f53r,1.0,1,G,I,w,4,Herbal,A,1,1,Sequence of characters or numbers,kodam chocthody oty dol dain cho she oty sho as chokan ody ytchodaiin yky otchey otod oksh cfhy cphodol ykody qokchodotcho qot oty ykeodar oqoor ocki odor chain qokodykchdy chees sodar otos qoy tchy otey chos okodykchody qokchy qotchol qoty chtor oltsho ctoykeeod toyd chol ctheees orol chod qoty,211,6:5,5
f53v,1.0,1,G,J,w,4,Herbal,A,1,1,Sequence of characters or numbers,tshor shey qodckhy epho oltshey qopchy okeey sheekol shom shol cthy dchom do ydaiin cphom chol dockhy cthol dam oty qokol daiiin qockhor okchor daiio dain ysheey ckhol chckhey ctheody ydy ochoiky dshey chol ykcheody choldam todaiin shodaiin qotea dchy qotod odaiin sheey kshody tsheody sheody sheetchy opod octheody shody qodal cthody sheos shodaiin ychocthy qodal shodaiin otsho or chear sheod chkodal ycheey kchy oky kodyydam yckhodaiin otoldy,212,6:5,5
f54r,1.0,1,G,K,x,3,Herbal,A,1,1,Sequence of characters or numbers,podaiin shodal qopchol cfheodyopcheol chocphy ytodaiin otchey otchey qockhodalsockhody daiir cthody otal ekchody ol or yytchey dam tor ockhol shokchy kol chom scheyctheotol sh okeodain chokey,213,6:5,5
f54r,6.0,1,G,K,x,3,Herbal,A,1,1,Sequence of characters or numbers,korare ckhos shofom cher chom kcheorshe qkchol dam dor sheey ksheody sho or cheey chetysol desh dam dam toshey kodl ckho sheekal aiinokeam etchal oaiin or ol qokor chor ckhol ss sho chol tor ol dol or chol chol ckhol okyytchor ol koldy okor or ol ckhol chor cho damor sho chol dom yor shodal aiin al dol choek air ldam,214,6:5,5
f54v,1.0,1,G,L,x,3,Herbal,A,1,1,Sequence of characters or numbers,pcheodar chpal oloiin ckhey qokeey cpheeain al dcheain cphaiin ar cheor qodaiin cthaildy ypchal yair ykar oky cham chody ykoldam cheol chor chol okaiin chody chol dy odaiin ytaiin qodaim qokar chy tol cheol shocthy qodaiin keeody sheody qoctheol aiin qotchy daiino aim qokaiin yteal okal om ydaiin qockhey qodal ytam okal dy kol ckaiin chckhy qokal qocthy oaiin qockhy qokam tol chol cthol chol okal yckhey tar cphey tam aldam or alchy ytal dol chodoldy chol oldaiin,215,6:5,5
f55r,1.0,1,G,M,y,2,Herbal,B,2,2,Sequence of characters or numbers,podaiin shekchy qofair okar yk ohepaiin qokchdy arod okair or aiin chody ykair qokar okar ol ykar ar al ykaiir chol chky okar chky chdy qokar okaiin chckhy aiin or orol char ar kaiin okchd ykar odaiin chdolaiin or aiin okal chol kchoy pchtchdy ockaiin okasor olkam tcho sho key kedy chdy,216,6:3,3
f55r,7.0,1,G,M,y,2,Herbal,B,2,2,Sequence of characters or numbers,tchedar cheol kedy chody kshdy qotchdy qokchdy olkardam dchykey char chek xar odas xaloeees cpheody qokeeody dain chckhy qoko lkeedy kaiin dy kag dair okal qokar or or ar odaiin okeey darchd ol lohor chey keedy dy qokal okam shdy otal otaldiin oain ckhy dl oiiin okaiin chelal qokaiin okain lchdal ockhy otar shar ain,217,6:3,3
f55v,1.0,1,G,N,y,2,Herbal,B,2,2,Sequence of characters or numbers,kcheedchdy oedain chckhyotoldaiin dodyd oeeed yteey okeedy qoaiinokeody ykeesan qokeeey ain qool al chedysar aiin ol kar okar chckhdy cheody keeyfar alochedy qokain ody qokaiin chaiin ykain ykan odydaiin chedy talam ykaiin ykair daiiny,218,6:3,3
f55v,7.0,1,G,N,y,2,Herbal,B,2,2,Sequence of characters or numbers,okchd ykain sheokey or ainch kchdy pchal ar aldy dary tar chedy qokaiin okar qolotar choar talody okar ykaky qokchy okal chey oror aiin okaiin ykain otaky oaiin ol aiin okaiin okyytaiin otar kal ykar ol ykaiin cheoar cheeky oldyaiin okal oltchy or orain ar olkeechy slar aiin otam,219,6:3,3
f56r,1.0,1,G,O,z,1,Herbal,A,1,1,Sequence of characters or numbers,ochal chchsy oty esedy chy ychocphy chorchy chy chokchey chol choly korchy chykey choty shokaiin olchey chokchol chey qokeey chokeey choksy qot chor chor chokor chkor chyokar chdy chochor cho chodaly ykcho dy dchey sho kchol otchor choky schol choy choky cheeckhody,220,6:5,5
f56r,9.0,1,G,O,z,1,Herbal,A,1,1,Sequence of characters or numbers,tchoky kchol shol chotchey tchol yt chor otchy chok chey okaiin shy kcheey cthol chos chokor sh cho kchey qokokchy okchy chokcheo kchal chol chotol qotchy tcho tchol chol cthy qotchy chody ctho chey kcharg chokeey qokcheey schey aiin dy sho chokchy kchoarsotodan otchey keol,221,6:5,5
f56v,1.0,1,G,P,z,1,Herbal,A,1,1,Sequence of characters or numbers,kcheat shol chey qokoiin shor qotcheol choror shodshey qoteeey qoteey qoteey cthar ochey chol chol qotchey choteeey schy chey eey taddain qoteees sho kcheey aiin chokchol chor ckhos,222,6:5,5
f56v,7.0,1,G,P,z,1,Herbal,A,1,1,Sequence of characters or numbers,kchokchy ckchol shol chol otchyd ykchor chokchy qokcho tcheey kol shotchot chokcho kcho kaiin oky ol kchy ksho shy ytol chotor dy chotchey keeol chey kchol tchain qokchey ctheey lkeey kcheeytain ykor aiin chorol sho shol chol cheo kchol chol choky chotor otchol chol chol chotaiin kchol chol chol,223,6:5,5
f57r,1.0,1,H,A,a,1,Herbal,B,5,2,Sequence of characters or numbers,poeeockhey odain cheop sheody shocfhey dy sheep sheody eodam daiir air chety cheo ckhy chockhy cheotey sh kchey odaiin shey qokeeody cheooky qokeody sheey okeody cheody cheeody cheekeody dchos cheocthy cheody qoteeody octhody okeeody chteody cheody qokcho cheeodam,224,6:1,1
f57r,6.0,1,H,A,a,1,Herbal,B,5,2,Sequence of characters or numbers,tcheodal okam chckhey okchdy doctho opchey dy kedaiin oforam daiis sheedy qokeedy cheteyoteeod shekey tedy okaldg tair sheedy ochedy ckhhhdyokchy chedy qokedam adair sheeo ckhy al daiidydcheckhey chedy cthedy qoetchey kedy shedaiins cheos ykeos qcthhy tcfhy dshedy ctechy cphedam,225,6:4,4
f57v,1.0,4,H,B,a,1,Cosmological,B,1,2,Sequence of characters or numbers,dairal otodarag oparairdly olkeedal otardaly arkaldy ara?arar okeely ocfhor okear,226,6:1,1
f57v,2.0,4,H,B,a,1,Cosmological,B,1,2,Sequence of characters or numbers,soeos vs ar okees soefchees sos defo rkedam sh ofol ddal yty daiir otey dshdy dkals oty pchchy opaiin karody okeey daram qokar okal okal shkeal dy das sher aiin,227,6:3,3
f57v,3.0,4,H,B,a,1,Cosmological,B,1,2,Sequence of characters or numbers,v v v v,228,6:1,1
f57v,4.0,4,H,B,a,1,Cosmological,B,1,2,Sequence of characters or numbers,otey ofchey shes okeeod lkeeol dkedar yf aros chedaiin eeety deeodal vo tchor ch' kedar aiin otal daro,229,6:1,1
f57v,5.0,4,H,B,a,1,Cosmological,B,1,2,Sequence of characters or numbers,aiin ar teodar otodal sheky oteeody,230,6:1,1
f58r,1.0,1,H,C,b,2,Marginal stars only,A,3,2,Sequence of characters or numbers,kor cholfy shofchy otoralchy chofchol sholy otaly dshodal or ckhy olchear char tal ytal ytar olchokal ykechod dalaldam ytam choty otchy otaly shoty dshor sholar aiin shalom shaly dalchy oteom sholala qor dchair otar otar char ar al char ar ary ytalar cham torchey otaiin chary oteor otal dalchor choltam saiin cholkeey shom sholteol ytalody otey cheoly tchy toleeshal oleeam dalor chy oteodchy yteochy otey kal dy alam sholaiin cheey yteodaiin qoar aiin arary sheey alam tal ar shar chepchey otar aldy otal cheam qokaiin ote sy qocphody qokalam chairal qoctaiin otalal dalor orar shoar ar choldal otalchal choldy okalys airaldy shar ytar sheear cheoldy ykeol cheal cheody chal chaiin ol oly sharam okair chekaiin ytchaly dalchal ykal okalal oly chal daiir shal qopaim cholaly dy shedy,239,6:1,1
f58r,16.0,1,H,C,b,2,Marginal stars only,A,3,2,Sequence of characters or numbers,typchey ar air ytashy qotyshey pchdy dshaly pydaly choky opy ysholshy qotoly ykal dalchdy qoky ytchody olar aly darar shol cholraly cholaiin odaiin chaly dalar aiin okal otal todal qotey chaly qokaldy otary okalal ch'ees chal ochaly ysheockhy olchey oleesey alaiin olkeal daldy otalar ar arodaim tcheos ycheor sheain qotaily chy cholkor olkeol oty dcholy ytar chol qoaiir chalolky osal chotam chal olseeg shol aleedy chotar okeal sheody qokalchar otal choky tazain oteeos okeal ar otalor cheoekar otakas oar cheekey oteeoaly otar alkar or aldar,240,6:1,1
f58r,26.0,1,H,C,b,2,Marginal stars only,A,3,2,Sequence of characters or numbers,kshar shoky opcheear ofadain opsheolaiin opydaiin podaiir yteor oty chaltar ar sheeetchy tal al chear chear chor ar yshealkair odalaly dalal chy air shokar olaldy okalody odalar cheor alol daly cheom chor ar aldam chal cheal omy ytor ar alom qokalor chdy dair chody cheol okolchy otaldy odshchol taiin okal or chol ol ekar otarchol chol kam qokal oqotaly qokaiin chtaldy qoky al chol taly qokaldy schocthhy dalols qokalos cheor oekeody qokaly qokar dy yssheol chokey dalol shokalol qokaly kaldy ytaipom dtos sheol qokor sharal ckhol shol ar aiin sheoctham skaiin shokal chockhy qoky chcthy ykeeshy shoekar opolkeor olchocfhy cphol chykaldy cholols chkaiin olfcham ysheos okaly cheos otey ykar ls aiin okaiin ytolkal dtshol dytal okar olol sheol qockhy qokaly salol dalam yroleeey ar airaly pchody tshaly alols ykaly kar aram dchol chokal saiin okal alchey,241,6:3,3
f58v,1.0,1,H,D,b,2,Marginal stars only,A,3,2,Sequence of characters or numbers,tol shokchy opaiin opaiin chofaly ypar ypal opal opaldaiin dair or ch'haiin tair qotalody aiin okeody qotair ar alor orky todal qotain shokhy qokeol qokalchal daly ar aim or aiin okair dair al qokal qokaiin qokaly okar olkaly okal faiir ofas ar qotaiin sholy qotaiin yqokaly okal qokaly okaly qokair ar aly shor choly ykaiin org fchey okaly oky qokeey qokar lchedy qokalor sheols oteor aiin taiin ckhey daldy qokair alar ytal aiin otaiin ykaiin ykaly dam salal qolaiin chockhey tcholy qokaiin qokaiinos orcheey olaly ykair shey key ctholy qotalom qokals qokaiin okal okaldy ory tchol shol tor qokair or ykaiin dory okaiir chodaiin otals oreeey cheekey cheal qokey chedal dy tolair opchey poaly cfhy qoeear alkeain ytal chos alor okal chcthy tal ckh'hy kar shar air alor chol oeear sho qotal chol tal ar tar aropam qot okal aral air qoal talchos okal cho ytam dam ykam qokair okaly qokal chaly cheockhey olaly taldar al alal qokar otal chodol qokeal cheol chos okeeam taiin chal sheal qockhy aiin ockhey qokeey qoaiin aral okain chokal sheoldy qokor olkam cheol chokeey okalchy tolain ar ykeain qokeey otal chol okal ar chhty chkalarol olain olalor odaiin qetair otal qokal dair oi?y otam okar sheey shekealy,242,6:3,3
f58v,23.0,1,H,D,b,2,Marginal stars only,A,3,2,Sequence of characters or numbers,pchshy sheoltey shopalchedy sheolkeal qokar aldaiin qokalar qokal qokal cham qokalcheal okor air ain ar als okam daly qotain okeor sheey qokeol okeoly qokaly qokair or tas ykal ykaly qokal ol al qokeos okal ar okos al shekar qokair alam qokar aiin al qokchedy qoekaly odaiin qokar char alaiinom ycheockhy okal otaly okaldy okeor sheey,243,6:3,3
f58v,29.0,1,H,D,b,2,Marginal stars only,A,3,2,Sequence of characters or numbers,polal keeo leeckhey dalar ykeeody choar ckhar yfair alam sheoikhy ykey sheky qokal qokeey okain okar ol dam tcheor chor kar okal qokeey qokal shol qokain ar oetalchg psheey qoty qokar qokey ky ykar cheal otal kol olchedy qoair chol ar chey,244,6:4,4
f58v,34.0,1,H,D,b,2,Marginal stars only,A,3,2,Sequence of characters or numbers,tol sheo keo ar qofcheal aiphey opchal shockhy okaly otain okain chey okeey qokeeos olar sheo daly dalychs tcheody okeor ockhy qokal okal shokey qokeey dalar olkeey okar ar choky otair chokey cheeky dalar ykeeody qokar qoky qokol okal okor sydy oshar qokain okam shear cher sarols,245,6:3,3
f65r,1.0,0,H,E,y,2,Herbal,A,3,2,Sequence of characters or numbers,otaim dam alam,246,6:1,1
f65v,1.0,1,H,F,y,2,Herbal,A,3,2,Sequence of characters or numbers,cphy fchecfhy dydchepain shety qopy fol chpdy sheek odyyteo qops air cheoteey dalom ytal cheot shky ysas cheody,247,6:1,1
f65v,4.0,1,H,F,y,2,Herbal,A,3,2,Sequence of characters or numbers,toeedy otar shedyyteey sheody qokesd yfchey dshedy okeody qokdshckhy choky chokeody dy qo ytchey sh ckhhcphyykchedy chedy shckhdy,248,6:4,4
f66r,1.0,0,H,G,z,1,Text-only,B,5,2,Other extraneous writing,rary rals qor dary ykeol saly salf fary qotesy ykaly doly saiin qokal qolsa raral sh air sh,249,6:2,2
f66r,50.0,1,H,G,z,1,Text-only,B,5,2,Other extraneous writing,pdaiin oteedy opchedy chap chefchy shddy ypches cholpchd okedals sair shekey qokeedar okal okedy qokeedy qokal okedy qokshd ykshedy chady cthdy qokees cheeo okcho dy chekeey chedy chckhy shdy qotedy chdy chedy qotedal chcpheor ykady qotey kol ar qokeeody qokeody qokeody qokar sheky qokeeody okedy kodary ykeeody choekeey okeody chekeody qokeey dyky chctho rotaiin dsheol okaiin sheodaiin,298,6:4,4
f66r,57.0,1,H,G,z,1,Text-only,B,5,2,Other extraneous writing,tocpheey dol kchody qokeody qokshy qopaiin dairykodas okyd dsholdaiir dalky shky qoky shekair choty okeey shdy ykol qo shcthy dalalshedy cheta sheod shokaiir chckhhy dard shor sheodal sholdy qokchedy qopchy qoty chedaiir chees kardy qokchey qokaiir daly shedy chedy lkar ol okedy ol cheeky daiir chky axor akar i'h,299,6:4,4
f66r,63.0,1,H,G,z,1,Text-only,B,5,2,Other extraneous writing,pchof sholfordaiin qotar otalor fchedyr chedy odair ofaram dalcheeeky sheol dairody chekchy shed ykesho lor sheor cheal dor shedy okar shedy kcheody chxar daly fchdar cheor aly ry shor shckheody shedy qokor al shes,300,6:0,0
f66r,67.0,1,H,G,z,1,Text-only,B,5,2,Other extraneous writing,psheody cfhol shofol okeody qokaldy ytarody shedy shedy dair sair ol dol cheody dair aly dairal dolarshy dor tosheo qokaldy oky ol kcheeky qoky dary okees oly,301,6:1,1
f66r,70.0,1,H,G,z,1,Text-only,B,5,2,Other extraneous writing,todeeey keody chdy keody shedy shekeefy chdy sheol shol kedy daly saiir cheol kal sheody chcthedy shol qokeody chody kechody sshedy oteedy ykeeody sheocthy ol ld lshedy chokeey chekey chey ysheeod qoteeod qotol qoky chckhedy shey dcheol cheo dor ydaiin shedy otchedy oteochey tolchedy lsheody qoky otam tcheo sheor oteody lpchees ol ar alkey otey ltsholy shecthy ol sheol qocthedy qokedy lchey qokaly shcthy qotal otchdy qokey ar olkeol qokal cheoky ykchdy chody sheody qoky ldy dor aiin sheeol lshedy lchedy cheedy shekol dalol lodaiin sheol ldaiin okalchedy pchedy kody qotchedy cphedy shey qoteoly raiin sheedy shcthy lkeol qokol dkar lchey lkeedy chety shekaly shckhar,302,6:4,4
f66r,82.0,0,H,G,z,1,Text-only,B,5,2,Other extraneous writing,otcheo chty ykees cheg,303,6:2,2
f66v,1.0,1,H,H,z,1,Herbal,B,5,2,Other extraneous writing,okeodof sheod ychoopy opch dor sheefy ytody daldeam teodal tchedy dshey okshedy okeedy dcheeky daldy qotal sy ytos or sheeky okechdy okeedal otal chody shokeshy cheos chety dol chckhy ko chekal shdy shedefam qokedy chokal,304,6:4,4
f66v,6.0,1,H,H,z,1,Herbal,B,5,2,Other extraneous writing,tchod sheody shckhed chos chor sheo keody chepar sheopam qokeos sheody chekeos chody kotody qotchdy chckhd ytchdy dchekeedy cheody qokchdy qokol keedy chety kody,305,6:2,2
f66v,9.0,1,H,H,z,1,Herbal,B,5,2,Other extraneous writing,pody sheody chpadar sheey fchdly cheoseesey kchy qofchal dshal keedy qok or okaiin dol kaldaiin otal dokal okag yteeod aiin shekeod saiin ykofar otaiin otar chedy karc' qekar okedy chekal chckhy kal kal chkchody ydees shey dalkalykedaiin shedar okchdy oty,306,6:3,3
f67r,1.0,1,I,B,a,1,Astronomical,B,4,2,Other extraneous writing,teeodaiin shey epairody osaiin yteeoey shey epaiin aiin daiir okeody qoekeey oeteody keo keeodal ycheo iim cheos aiin okesoe ar shees dalaiin dam cheodaiin chekeey ar air ar cheey dair cthey,307,6:1,1
f67r,1.0,4,I,B,a,1,Astronomical,B,4,2,Other extraneous writing,soairol shdy chokeody ykeedal ol oteodaiin choikhedy ot chteokaiin choteedy epchy chpar ar sheees deedy soeteed octheey eokeot choteoky chockhy okees sor aiin daram schdes chdar dchschdy ar otardar ykaros,308,6:3,3
f67r,1.0,4,I,B,a,1,Astronomical,B,4,2,Other extraneous writing,dair al cheol oekaiin sol eetees saiin ykeos chy otodaiin chetejy otar dair ar chedar okeedy oteodaiin ychsy chekeey ot dol al cheor okeo cheeky ary okeo keds oshey shchey chol dair dain cho aldy,309,6:1,1
f67r,1.0,4,I,B,a,1,Astronomical,B,4,2,Other extraneous writing,archeo qoikeey oteeos cheockhey oteochedy okechdar dararal okeorar sotey dair yteey oteo oteees oteo oteesy sheokeey oteodal chokeed ain oto keedais deeety okeey teodain chekchy dair chparam,310,6:1,1
f67r,1.0,0,I,B,a,1,Astronomical,B,4,2,Other extraneous writing,otaldy otoky seeaiir ykees ary sosaiir yto daiir sheosam ykeeody okeol okeey dalary ykshy aram ykecho ols eesydy c'ey shs okar shekchy sykos ykeody okchy dchetay ykchy kchey ykchys chkchdar ykar ykaly lkshy kchy okar chky chykchs chy ykees ykchos dolchsody okal okain ytody saiin ochol olol opcholdy ofar oeoldan ytoaiin yfain qotoear dchdar saldal ytodal tol otar dy cho ytchodly octhys ytokar otolor okodar air soear cpheey okodar oepchod acthhy osar oran,311,6:1,1
f67r,2.0,1,I,C,a,1,Astronomical,B,4,2,Other extraneous writing,opodchol ain aldy soeey doiin oldy,335,6:1,1
f67r,2.0,1,I,C,a,1,Astronomical,B,4,2,Other extraneous writing,odaeiin okoes oekain otchey soraiir dy qopchy,337,6:1,1
f67r,2.0,1,I,C,a,1,Astronomical,B,4,2,Other extraneous writing,ydchos ain ar amy chocfhy saral sain ar,338,6:1,1
f67r,2.0,1,I,C,a,1,Astronomical,B,4,2,Other extraneous writing,oparchy salsain sodar ofar ar ydam,340,6:1,1
f67r,2.0,1,I,C,a,1,Astronomical,B,4,2,Other extraneous writing,yteoor yto ykor okeo aiin,341,6:1,1
f67r,2.0,1,I,C,a,1,Astronomical,B,4,2,Other extraneous writing,dosar odas air alaiin dokan oear odal,345,6:1,1
f67r,2.0,1,I,C,a,1,Astronomical,B,4,2,Other extraneous writing,chol giin ytor or,347,6:1,1
f67r,2.0,1,I,C,a,1,Astronomical,B,4,2,Other extraneous writing,otoldos octhole sor chedaiin dy yteos og,349,6:1,1
f67r,2.0,1,I,C,a,1,Astronomical,B,4,2,Other extraneous writing,ytoeopchey chekody sosho chos ockhy aiin qsg,350,6:1,1
f67r,2.0,1,I,C,a,1,Astronomical,B,4,2,Other extraneous writing,ofydy sheody aiin ycheody es odaiiin yekees oraly,351,6:3,3
f67r,2.0,1,I,C,a,1,Astronomical,B,4,2,Other extraneous writing,todaiin dain dy choer aiin choeea dadaiin,353,6:1,1
f67r,2.0,1,I,C,a,1,Astronomical,B,4,2,Other extraneous writing,aldaiin ydaiin qkoy ydaiin qofair ypair ykoaiin ydoly ytalchos oly sshey sy shees qeykeey ykchey ykchey qokeochy oaiin ar olar yshey qokeeody cheos oeeos qockhy chos aiin okeeody qokoaiin odain ar air ay,374,6:1,1
f67v,2.0,0,I,E,a,1,Cosmological,B,4,2,Other extraneous writing,otchdy otararain dcheeor ochepalain oeolales aisar okydseog oeepoaly o?r ykaly char chekais okolaim okar alet olkao qokoaiin ocfhhy okeeey oekchdy soaiin dalam sary okoral oko??? okchos damamm dairkal okal ary echkalal aldy dchesykchy ykeodar deeeoskol ockhosam kochardy ochodare ols aiiny otorkeol orsheey dary okechey cheody otechodor odcheey chockhey chockhy yteeey keeochy dair ockey keechey chy koldy pchodaiin otch oekeey dy dcheeos qokeeeody eeis olcheeg opcheey chso cheey chedaly ykeeey qokeey olokeey osheey keeody cheedals okar shey qokcheor daiiin oeees otechy okeeodaiin saii dairal oksheeody or aral olar aroky,375,6:1,1
f67v,2.0,1,I,E,a,1,Cosmological,B,4,2,Other extraneous writing,tol or ain otoly sair taedaiin ar okor,377,6:1,1
f67v,2.0,1,I,E,a,1,Cosmological,B,4,2,Other extraneous writing,okeey keoy salal ykaralam olalade odam,378,6:1,1
f67v,2.0,1,I,E,a,1,Cosmological,B,4,2,Other extraneous writing,taol daig sakar dam solair cphey solal daly,379,6:1,1
f67v,2.0,1,I,E,a,1,Cosmological,B,4,2,Other extraneous writing,okeal o?ol ar okaldam koain opal ol ofolain oar,380,6:1,1
f67v,1.0,0,I,F,a,1,Astronomical,B,4,2,Other extraneous writing,ykeeo cheo ypcheg oty,413,6:1,1
f68r,1.0,1,I,H,z,1,Astronomical,B,4,2,Other extraneous writing,shokchy chteey choteey cphol cheor opcheeol choctheeey okchoal tochso otchl qokeeedy cheey cheeteey yteody chpor cheokorchey chod ykor shey qocheey chokalokeey ror eckhear daram dchor okaiiin,422,6:1,1
f68r,1.0,0,I,H,z,1,Astronomical,B,4,2,Other extraneous writing,yky dary chkchykoly okodaly odchecthy otcheody okoaly chocfhy octhey otshey otydy okear cphocthy ytchody otys olor ockhy ofcheor otchdy otykchs oiinar okoldy ykchdy oeeodchy ocphy okeeodal okshor osdaiin otochedy dolchedy oolchchy cheorol odaiin ochory shdar dchol todaraiily olcheesey okchor oteool oydchy okeeeody cholar dcheoldy oteeear otoeeo ofcheody otcheodar odair chol opocphor otoshol chodar sheey okeeeeor dchol day doaro oalcheol okos otary chky oky cphy okolchy cthyd otydg darall okchody,423,6:1,1
f68r,1.0,4,I,H,z,1,Astronomical,B,4,2,Other extraneous writing,oky okchdy okardy q?ear oygy,455,6:1,1
f68r,2.0,1,I,I,z,1,Astronomical,B,4,2,Other extraneous writing,tsheeor chor sheal opchey oeecthy sheol dokechy otcheoly dchy ykeechy dchyky okeeody rcheodal chokeey cheor oram tcheos otchoky okchol sheeor chodchy qokchdar chor chesy oreed qoeeckhy qockheol qokeol cheoal dcholal kcheoey cheodysain ykeody chykchy,456,6:1,1
f68r,2.0,4,I,I,z,1,Astronomical,B,4,2,Other extraneous writing,okeo okar oky okozy okaesy qokool chio qoiol,457,6:1,1
f68r,2.0,4,I,I,z,1,Astronomical,B,4,2,Other extraneous writing,okoaiin ky oeeeo okeeol cheo ,482,6:2,2
f68r,3.0,4,I,J,z,1,Astronomical,B,4,2,Other extraneous writing,odeed oteedy cheoteey oshchey chokol cheody chedy oteodaiin otchodal sol cheor oteo choteey oeteody opcheody dchedy oteeody dascheedy oteeody qoeeectcg dcheeo okeodly do ls oschaiin cheockhedchy chodal cheoda chol al oteodched okedy qokeey shoky dol daleeed okeoeiiir,483,6:1,1
f68r,3.0,0,I,J,z,1,Astronomical,B,4,2,Other extraneous writing,toees ykeo she qokolchey qokchdy,484,6:1,1
f68r,3.0,0,I,J,z,1,Astronomical,B,4,2,Other extraneous writing,tochedy chocphy qokchdy dyl okald,485,6:1,1
f68r,3.0,0,I,J,z,1,Astronomical,B,4,2,Other extraneous writing,dchy kchy daiir chok ockhydar,486,6:1,1
f68r,3.0,0,I,J,z,1,Astronomical,B,4,2,Other extraneous writing,qokol chdchol qoteey che kechy okchdy,487,6:3,3
f68r,3.0,0,I,J,z,1,Astronomical,B,4,2,Other extraneous writing,dchokchy c'hhy oteos okolshy,488,6:1,1
f68r,3.0,0,I,J,z,1,Astronomical,B,4,2,Other extraneous writing,pchody qokchy dshol dc'y tgolg?,489,6:1,1
f68r,3.0,0,I,J,z,1,Astronomical,B,4,2,Other extraneous writing,keeoty dcheeody,490,6:1,1
f68r,3.0,0,I,J,z,1,Astronomical,B,4,2,Other extraneous writing,dchey qokeey dcheey daiir otchal,491,6:1,1
f68r,3.0,4,I,J,z,1,Astronomical,B,4,2,Other extraneous writing,otcheody chokchy cheol cho keol dolaiin okeol oly,504,6:1,1
f68v,3.0,1,I,L,z,1,Cosmological,B,4,2,Other extraneous writing,tchedy chepchy daiidy shol kcheoly choteol shol chey shodaiin chetshedy otsho qooto seeey sshey kcheol sheey qety sheey otchol chal sheey sheody qokol aiir chor cheoty oty sho chokar sor chor aiiinytey tol cheeetchol sam dcheey qockhhy chydy,505,6:2,2
f68v,3.0,4,I,L,z,1,Cosmological,B,4,2,Other extraneous writing,oky ees choty chedas otchdy ar oekaiin cheo dais qoeeo kaiin okchey ykos yakeg ol ay ykoees yty dy dy chody ol ees oty qotay otoy chey kodar sheody shees oteeoaly oteeosol ol olsey tol cheol okeey choekcheey okchy qokchshy dchol chshek,506,6:1,1
f68v,3.0,0,I,L,z,1,Cosmological,B,4,2,Other extraneous writing,ocheal qoeey keody cheoky okeey chody dy ote?m,507,6:1,1
f68v,3.0,0,I,L,z,1,Cosmological,B,4,2,Other extraneous writing,al chdail schekol okeody,508,6:1,1
f68v,3.0,0,I,L,z,1,Cosmological,B,4,2,Other extraneous writing,okeol cheody qoekeey ocheky eeody okchdy oko okos,509,6:1,1
f68v,3.0,0,I,L,z,1,Cosmological,B,4,2,Other extraneous writing,shoekechy sheky okolchey okolmom ycheeo key qokal okeeg ydaiil ol chek okchyd otodol opcholdg otey dalar otoseysary yshesas ar shy socths chety oteoysorasaly yteody chetey oteeos alamchy otchdychetal adairchdy aiin dchedal ykeeepolypchy choteey dary dair apeeety dy sair aroyser oteeor arany okechdaral otaly okeey chek chekeys shes shokey oteodain sam,510,6:1,1
f68v,3.0,0,I,L,z,1,Cosmological,B,4,2,Other extraneous writing,qokeody okeey chekchy chckhy okal ody chedy,511,6:1,1
f68v,3.0,0,I,L,z,1,Cosmological,B,4,2,Other extraneous writing,ochey chekchy dkeeeg cheekey teokechey saiir,513,6:1,1
f68v,3.0,4,I,L,z,1,Cosmological,B,4,2,Other extraneous writing,okosy okchy choekey okeoeeey ol yko?n otairos orol orkeeey olkeeoly ykeeol,515,6:1,1
f68v,3.0,1,I,L,z,1,Cosmological,B,4,2,Other extraneous writing,roar ykeol darol daly solaiin ckhhy olekeey dy ykeol ctheepoey,518,6:1,1
f68v,2.0,1,I,M,z,1,Astronomical,B,4,2,Other extraneous writing,teeody shcthey psheody shocthy ykeody shdy shot ytchy dchaiin shey dcheedy qokeey shckeey dy sheetey daldy qoeeey shekeey shkeey alchey cthy shteody qoteeody dam okeey sheoy keol ycheety okeody shey qokey chol chekody scheos seekey chodyokeos cheo ar oallchdm,519,6:1,1
f68v,2.0,4,I,M,z,1,Astronomical,B,4,2,Other extraneous writing,okeadaiin ykeeody shsdy shyokeey dalches okos otees oteydy okechoy yteody chetedy chedady eectheey otychdy cpheeo dy otey chkey chey daiir oteeys ockheey dor chy okchy qokeechy chy chokeeey sary,520,6:1,1
f68v,1.0,4,I,N,z,1,Astronomical,B,4,2,Other extraneous writing,shes ol shes chteey sheely shes yeeg shokeolls ees aiir ol cho aiin ykeeykeey chotey shes aiin okeyteey cthody chesokcho teody chockhy okeody cheos chkorchy dy dy shety dair chotedy chey dokeey,533,6:1,1
f68v,1.0,4,I,N,z,1,Astronomical,B,4,2,Other extraneous writing,chear dain dycheckhy oteeos okeor okeeody sho ykeod oteeol okeeos or chos or ocko aiin chol sheo cheoekeey cheodaiir cheekchey chkeody okchy teeos sh cheo eky d?leed aly oteotey otechs opain,534,6:1,1
f69r,1.0,1,J,A,a,1,Cosmological,B,4,2,Other extraneous writing,tcheeos shey opaiin chey shey qokeeyshdy ol ot otal shey okaiin shkechy sheey tey chy cthy cham sheos aiin car choetey okal chy ykar ytchey cheotam ycheoraiin ychey otaiin okchor yty chkal shol,543,6:3,3
f69r,5.0,0,J,A,a,1,Cosmological,B,4,2,Other extraneous writing,oteos chop otaike ar odair chtaly oto archol okeey chey dy dcho char ar ytal air al shy chtairy yt oetear ytey cholam dair ar yteey chdy okair air chytos oly chetar araly dair alody otalam ytcheodytor chodchy chotal okeo sho qotam okeodar oteody ykeeos al dair oky doly chyky okchol qokol daly ykechody otar dary aloly okeeocthy okar ar chey ar cthorary sair chekey sairam okeeo okar ar sol aiir okeytam okeos ar ald docheeo kody dchokey shkchodyal chor al alchy ral sair al okody otedy okody cheody chokeod okeey dkochy cthody dy ed,544,6:1,1
f69r,43.0,4,J,A,a,1,Cosmological,B,4,2,Other extraneous writing,okoeese daiikey oees chear yteey oteeodar chy okeeos alaiin,582,6:1,1
f69v,1.0,4,J,B,a,1,Cosmological,B,4,2,Other extraneous writing,dair cheyky otaza ar chykar okoirsh ar chetody okeeos tey otokeeey okeeody okeey doiir cteeo chey ot okedy chsdy okeod dy choaiin okar okar chol chees yto odair oty oteeo eykeody dchor char,589,6:1,1
f69v,2.0,4,J,B,a,1,Cosmological,B,4,2,Other extraneous writing,ykac chol ykar ykady iokeeor cheey choly ykeeal cheo? oaram ockhy sheey aiin daiial cheody cheal yetey chear dy ykey ch dy chol ykar ol ykeeody chey ody airchy choky ychey chey,590,6:1,1
f69v,3.0,4,J,B,a,1,Cosmological,B,4,2,Other extraneous writing,doair otaldal dair chdy otoar ar chy qoteor cho qotair chda oteeal cheor ar air oteody ytyd dchy otoly okeodal oteoarar cheteese?r dair chey okody,591,6:1,1
f69v,4.0,4,J,B,a,1,Cosmological,B,4,2,Other extraneous writing,okeey okeo dy ochoyk ytory oeesy ytody okody otody okeal okeod oteeys ykeydy okeod saral saiir okolar ykeody sarydy otchy okeey dy okeod okodchy okeody okcheys oar alys,592,6:1,1
f70r,1.0,4,J,D,z,1,Cosmological,B,4,2,Other extraneous writing,???ooooooooolar sasa yfcheodly ytcheos aly otchy yky opar ykchy saikchy dam otair oroldy dchal daim yteody sam okchy daldy ykeal okeody otody ypolol chodal okasd,620,6:1,1
f70r,1.0,4,J,D,z,1,Cosmological,B,4,2,Other extraneous writing,oteody choekeeos alair dy okeey dasy otarsheod okchody oteos okes okeys ey okchol sairody chopcheopchy chol air shekchy choteody oteeshs opcheody choky chody chotey sheal ar ykeody chedaiin chotar soly,621,6:1,1
f70r,1.0,4,J,D,z,1,Cosmological,B,4,2,Other extraneous writing,okeodar chy oteody tochady okchody ytar ytory okeol choly yk okchedy chkal ofchon qokal opolaiin okeos oty cheokeey cheo al oteeoky chety chodalar okal chear aly oteos ar al okolair dy,622,6:1,1
f70r,1.0,4,J,D,z,1,Cosmological,B,4,2,Other extraneous writing,tshey ol ched ar oteos cheor alal otar ar oteodchey keody oteos al oteeed,632,6:1,1
f70r,2.0,1,J,E,z,1,Cosmological,B,4,2,Other extraneous writing,otchey sheol chkey shep al ar chly sheteal aram dair cheey cheotey dshy dam chchet al ykec'y ykeeo ald shey cthy shekey qokal aiir oteog okeey shoaiin ckhhey otal shshy tal dam tal cheeog chcthy qotal ddlar chal ytar ar al yol al aloees ytaiir otaldal she tal qokal cholckhhy dy ytals alal dalam cthol oparam dolshol shol shol shocthhy dalal shokal chol kshody tol cheey okal chotal qokal chol chotals qokal shkal shy qokal chdy qotal che key okechy chdy cham okaiin chcthhy or ary,639,6:3,3
f70r,2.0,4,J,E,z,1,Cosmological,B,4,2,Other extraneous writing,air shedy chokal choikhy shokeey choky chol dy okeeal teedy dgr dair aiin okees okeear ar alekeey ar kam oteoodalry chekeoar chokey dcheoky otai doithy dair otchetchar okear okeeo lal kchg okar ar,640,6:1,1
f70r,2.0,4,J,E,z,1,Cosmological,B,4,2,Other extraneous writing,otar ar chedal oaral aldaiin ykeeedaiis sheo chol ykees aiir dl cheey skeeod oteeodar aiin aral daiir sheedal sheodaiin choar chol choteoly cho chotey choeky chedy choteosam oteodar ockhh,641,6:1,1
f70r,2.0,4,J,E,z,1,Cosmological,B,4,2,Other extraneous writing,oches air chese ctheey sheeody shopcho yteody ykaldy oteeos aiin shey shee farar aim cheoteeodal sho choetchaldy aiir otesar dalol chtam opaiir chokeo oteedy oteeo chotal al dl,642,6:1,1
f70r,2.0,4,J,E,z,1,Cosmological,B,4,2,Other extraneous writing,otoy ar arodchedy cheocphey oteeos ees cheal sheeey okeedaly cheeoekey ykeedcr al air oteody oteody aiir ody cheeos chey otoeeseor air chedy okodar al sho chotol dy,643,6:1,1
f70r,2.0,4,J,E,z,1,Cosmological,B,4,2,Other extraneous writing,oteesy ol chy oteo ol choky otchosha,644,6:1,1
f70v,2.0,4,J,G,z,1,Zodiac,B,4,2,Month name,okcheo otey tchy otsheo oteotey shey shecth opcheoldair dateey ody choteey choeteedy oteoteotsho yteos alain sheodaly cho aiin cholkal chokear oteody cholaiin oteeoal al sheeos chol dy otees cho olar otoaiin oteeody sos todaiin chokain otalal oteeam,645,6:1,1
f70v,2.0,4,J,G,z,1,Zodiac,B,4,2,Month name,otalalg ykary otar? oty oky ody oty ar okala otody otald otaldar okody opysam chckhhy otaly otal arar otaldy okeoly okydy okees otar otar al otalar otalam dolaram okaram oteosal salols okaldal ykolaiin otolal otalchy tar dy opchey otakaizan okalal otaly oalcheg otchodals okolshy otshshdy otal ypsharal okoly otalaiin oteo alals araly oteoeey otal okealar otear araydy,646,6:1,1
f70v,2.0,4,J,G,z,1,Zodiac,B,4,2,Month name,daiiamdy otar aral otair chedaiin dair shchey chalaly oteody chotol chedy oteotey oteeeor ar alody daiir oteedar teey dalal cheoltey oteedy sheeteey ?okeeol ykeeos shey ykair arar alos,665,6:1,1
f70v,2.0,4,J,G,z,1,Zodiac,B,4,2,Month name,otal daly oteoal aildy otaiin ar shal qoteeal ar al otaiin al teodaiin oteeo cthey oteeos oteos aiin daim,676,6:1,1
f70v,1.0,4,J,H,z,1,Zodiac,B,4,2,Month name,dalalody oteoshey okoksheo shokey raiin ochy air cheody cheey oteo chy daiir chcthy dlal oteodaiin ykeody oteody sheo oteedy chetalchs zar shoteeody okeeo cheody okchoteees oteeody cheokeo otaiin shes to ar oly daly sheal,678,6:1,1
f70v,1.0,4,J,H,z,1,Zodiac,B,4,2,Month name,otodal cheokeeo okeodal shol olaiin saiin sheo qokeeol otchykey chekeal oteosaiin chekey okeolol chees o?eey opotey al otecheo,689,6:1,1
f71r,1.0,4,K,A,a,1,Zodiac,B,4,2,Month name,olkeeody okody okeeedy oky chy okeodar okeoky oteody oto oteeyar yko oar aiin oekeeey okeo keo keody okeodar chy aiin otokeoar or ar al al shckhy oteeeodar oteody aiin shoekey solalald cheeokeeo choeky choly,695,6:1,1
f71r,2.0,4,K,A,a,1,Zodiac,B,4,2,Month name,oteos arar okldam oteoaldy oteolar okeoaly otaleky otalsar cheary oteotey rary otalaly otolchdy otoloaram oteeol otolchd otaldar,696,6:1,1
f71r,12.0,4,K,A,a,1,Zodiac,B,4,2,Month name,oteody oteos ockhhy oteeschey lsheotey okalody shs shey otechar chekal okody eeedy oteodal eeokol lkchol okeeees ykees al okeey otey oteo shaly,706,6:1,1
f71r,18.0,4,K,A,a,1,Zodiac,B,4,2,Month name,oteeol otal chs char chotshy okeeody chekea' okeol,712,6:1,1
f71v,1.0,4,K,B,a,1,Zodiac,B,4,2,Month name,osheo parar oteeodaiin she ateey oteokeey al teey dy otchy sheeo ochey ?chey otcheodal sheealody cheol otar okam oteodar chpchy cpar al aiin oteoshar okeodaly teeey keor or arol cheols okaikaly,713,6:1,1
f71v,2.0,4,K,B,a,1,Zodiac,B,4,2,Month name,char arom chfaly okolar otchody alcphy otaiin okaraiin otar ar aly opalar dan opalor ar ofaifom otalody otalaiin otar shar sholshdy,714,6:3,3
f71v,12.0,4,K,B,a,1,Zodiac,B,4,2,Month name,chal oteeos al sheky okalar ar okeo oty oto kaiin chey tal otchr chtos cheor shepchol sheo shopcho ar aly okeo cheey otal al shldy otaly sheeor,724,6:1,1
f71v,18.0,4,K,B,a,1,Zodiac,B,4,2,Month name,okeey okeosar otaiin chkeeal okal cheekaiin okaiin okchor kal,730,6:3,3
f72r,1.0,4,K,D,z,1,Zodiac,B,4,2,Month name,oteeo cthey chlol cheol olcheor al chedal oteedy okeodaly chol chokeol cheo?ky okaiir okeedy sheoltey cheor aiin ydal okochey sho okalshey shol chalaiin chekeol kol otos ar aiin otam otam chotam okeo ar adal okeeas aiin okaiin,731,6:1,1
f72r,1.0,4,K,D,z,1,Zodiac,B,4,2,Month name,oshodady chdaiirdainy oaiin ar ary okalam ytalshdy char alif otaraldy otaiin otain otalef ys ainam ochol sharam ofaralar otchoshy otchdal okeey ary otainy ofchdamy oklairdy okaram okairy okealar otaraldy okalar okal okaly okal okeey ary oteeary otair dy okaircham okeal otarcr okaly orary okyd otolam otal ralal okam otalshy okaldy chosar otam ainaly okarcham olkalaiin olalsy oraiinam osarsheeeo otoaiin opoiiinoin al ypaiin alaly oeeodaiin ofsholdy opoeey okaiin ykolairol oralkam ytairal oeeesaiin ory ochey fydy of??? eeesaly ykaraiin airal okalar orara olaiin olaikhy olfsheoral opalal yfary oraiiral ytoar shar octho aral oletal,732,6:3,3
f72r,1.0,4,K,D,z,1,Zodiac,B,4,2,Month name,oteodar ytey otey shetey chokshor okalal otaiin sheolaiin otaiin chetey cheolor oteo teeody otar chokaiin okaiin al alo cheedy otear ar chokal otar al qokar,742,6:1,1
f72r,1.0,4,K,D,z,1,Zodiac,B,4,2,Month name,okeeols aroly okees alaiin okeor chol oteos aiin chal otaiin atchor chckhy,748,6:1,1
f72r,2.0,4,K,E,z,1,Zodiac,B,4,2,Month name,oteos aiin okeo okeey cheo keodal chol okeol olckhhy oteeykeey tey okalaiin okalchal chey al otar al chotaiin otchey qoeeeo ckhal chekaiin otaiin chy aiin al chho chekaiin okedal qokeodal saiin otois otees,754,6:1,1
f72r,2.0,4,K,E,z,1,Zodiac,B,4,2,Month name,tey teodal chokaly ol cheol ol aiin oteo shokal otey otaiin otaly okaly dalchdy ch'eteeey okal shey qoteeody sheycthy chotal chas otoees aiin,770,6:1,1
f72r,2.0,4,K,E,z,1,Zodiac,B,4,2,Month name,otoar air aloy okaiin otees chs chchs ar aly taly otchey okaiin olaiin y,780,6:1,1
f72r,3.0,4,K,F,z,1,Zodiac,B,4,2,Month name,okeey chekoy oteo chedaiin okeeol cheeor chocthar ar oteody oteedy okeolaiin okarar ??? ???teo sheol al alaiiin okeos alaiin okor keodar okee ar aiin chekackhy chokees oteedy chekar okar choly okeeey cheey okeody chealdy shocthy choteey sheoly oheol sheey chorain,781,6:1,1
f72r,3.0,4,K,F,z,1,Zodiac,B,4,2,Month name,otochedy otey koey sheedy oteodar ykeolol air oteos cheo aiin ykeeoly otaiin shear oiiin oral tealy cheokeor oteody ockes otees chteos doteey sosor shol cheeg okeody ch'eol shey sheysy shoteey cheor yoeteey okeeol chy okeeo ykoly,794,6:1,1
f72r,3.0,4,K,F,z,1,Zodiac,B,4,2,Month name,arary eeer cheshees opcholalaiin oteeor sheal okaipchy oteees ar olaiin otedar olol choty sheshdy chedy chedy dy shes eedy sheol shy ckhol,806,6:1,1
f72r,3.0,4,K,F,z,1,Zodiac,B,4,2,Month name,okeos aiin olaiin oraiin octheolarl okeeody oteos aiin koly,814,6:1,1
f72v,3.0,4,K,H,z,1,Zodiac,B,4,2,Month name,soees otchs otedar oteody oteodal oteos oteokchd? oteody sheokeey sheody shedykeal ckhodys okoleeolar okeey shedy otey sho shol teody okolshey ykeed?y okechdy olaiin shokeedy chol choepchey teey teody okechedy otechol cheor cheey oyteeedar ??? shecthy otycheedy oteeoly chokary,815,6:1,1
f72v,3.0,4,K,H,z,1,Zodiac,B,4,2,Month name,ocham orchey okam otcheody okyeeshy c'yofaiin okaly otoly ofalals sheeos ocfhhy chepy deeal chealpy okeeol okaly okaldy okeolyd choleey oky chcthhy laly oeedy odairan okary oeesaiin oteesed opal otaly otaly yty oeedey oeeodaiin okeoram air aim oshesy okeary cheoetey cheoldy sheoeky oteodar ofchdysd oteoyd yteody okeody okeoldy ykeeor opaiinam cheoldy okaiin ockhol oeedy opalg okeeom olkar oeedaly cheosy ofcheay yteedy onaiin okeorar oeeoty octhy oteoly okeoly oeees ocfh'hy oees okeeoly odal aiinod od?dy oteod yteod ok?ody okal ytaly oeeeos oteofy cheoepy ykeedy oeeoly okydy okeey oiiny oeey okedy ypaim okalair oeeody okeol,816,6:3,3
f72v,3.0,4,K,H,z,1,Zodiac,B,4,2,Month name,ototeey chlyiintee or oteeody cheokey okeoekol oteor aiin yoleeedy okeos alyshy okeey okeeey okeedaly cholainy okedy chees okeeol chey otey oldy chdy del okeeoloky oty aiin chas okea???,834,6:1,1
f72v,3.0,4,K,H,z,1,Zodiac,B,4,2,Month name,okesees ar chkeeol okeolaiin chalal ykeeodarar oleeody shedy solar aldy oteor cheor,847,6:1,1
f72v,2.0,4,K,I,z,1,Zodiac,B,4,2,Month name,otos chs oty oteos oty chotey dchy chopchy otychal ctheo shey tchol choraiin chekaiphy oteeos aly okeedy cheockhy ar?k?aly che?? okedl okedy sheos okeeor cheey okeey teey cheeey okeolol sheeoeky oekeeo aiin olalkain okolsaiin,848,6:1,1
f72v,2.0,4,K,I,z,1,Zodiac,B,4,2,Month name,oteesody otey oteeos sheoty yteeg dchsaiin shol okeees air shey qokeodal oteotey oteoldy oteal chedy chotalal okal cheol aiin cheokealy sardy chekar alteol oltar ar,867,6:1,1
f72v,2.0,4,K,I,z,1,Zodiac,B,4,2,Month name,otaiin otshedy chokeedy otes al al ar chetolain sheodaly sheokey okealy rary,880,6:1,1
f72v,1.0,4,K,J,z,1,Zodiac,B,4,2,Month name,oteos alar otar air chpaly oteody okchesal otear alshey oleealy sh?tey oteos alal dals alchol ytolaiin ydaiin chotar tal oto shoty otey okchedaly chdar ar otedy otorar shedy opsheytey opairaly choshydy otar cheedy otaraiin cheeky okolar ychey otechety,881,6:1,1
f72v,1.0,4,K,J,z,1,Zodiac,B,4,2,Month name,otar ar topar oteolaiin ofaral otshedy ofalar alshdy chpar aiin okaly oka? yaly opcheolfy opar cheockey otolopaiin shaldy chepchy otey tean,902,6:3,3
f72v,1.0,4,K,J,z,1,Zodiac,B,4,2,Month name,otalal dalal ykeols oteo aiin yotoam saiin oteeos,913,6:1,1
f73r,1.0,4,L,A,a,1,Zodiac,B,4,2,Month name,otaly chockhy otedy yteeody otaly okeody oteedyl ykeedy okeey okeedy ykeeory oteeosy shekal oteedyy okedal chdy dalshey opaiin okeos otey okary okeeody oyteedy oky chefy otal chek ar kar okeeos,914,6:1,1
f73r,5.0,4,L,A,a,1,Zodiac,B,4,2,Month name,ypolcheey salchedal chepchey daraly oteos air ar oteosdal chotoey soteees alshey ohes al chees cheoly jeiii? choteey cheteey cheteeeos aiin chetchody chedar ar cheteey otecos ar airalor shetee yteey cheody ykeydam oteos alar alcheky,918,6:1,1
f73r,22.0,4,L,A,a,1,Zodiac,B,4,2,Month name,al opaiin olalaiin air chopchedy chdar oram otareees olteey okees otar chey oteas ochor oparchey qocheey cheey cheesy,935,6:1,1
f73r,33.0,4,L,A,a,1,Zodiac,B,4,2,Month name,osaiin chedain chedaly okechs chepcheesaly oteodal,946,6:1,1
f73v,1.0,4,L,B,a,1,Zodiac,B,4,2,Month name,oteody oteedy eeeody okeody sheol odees eery okeor ofals ykeody oteody ypaiin yfaiin ofcheesy oraiiny ykeeody okeos ykeear qokeoly otedy eeed oky oia? okal ykey ykeee okeod ykey ypal,947,6:1,1
f73v,5.0,4,L,B,a,1,Zodiac,B,4,2,Month name,otoar ykeody okodeey qopchey opaiin qoteedy dpy otedy shedy qokeody cheor al okegal oteody shedy otesalod air chy ykeesaly keoly dys opchey dy toly chfaikchy ytedar eeey qokeey oty yteedy choldy qokalaiin ykaipy orary,951,6:1,1
f73v,22.0,4,L,B,a,1,Zodiac,B,4,2,Month name,oteotos alshy oteolain chokeedam otody qoty shedy chdy tchol oteody cheytey choty dy okecholy otey chodaiin chey okeedy saly ar daly,968,6:1,1
f73v,33.0,4,L,B,a,1,Zodiac,B,4,2,Month name,otedchor alar olkcho otolam kees char ytaly alaly otaram,979,6:1,1
f75r,1.0,1,M,A,a,1,Biological (balneological),B,2,2,Month name,kchedykaryokeey qokar shyk chedy qotar shedy dain shey lyssheol qolchhdy chedykar chekeedy ror qokain chalorchey qey kain sheeky ltain olkar or dackhy lkamoykeey lshey kal dy shey ok shey qokeedy shey kar cheyckhey ain ol olsheedy qokeey qoky pcheykeeor olkydar qokain chcthy qokeedy qoky pchedy qokshdyytain chedy qokar chy lol chedy qoky sor chey qokardydsheckhy qokain chckhy lshedy okeedy qokchdy chcthy loqokedy qokan checkhy qokar olchedy dshor qotar chdyshey qokain chckhy dy otey tedy lchedy qokeedy qokair olyqokeedy dy qokal okar shedy dor chekam ssheckhy qokal olyshey ol cheey shey dy olshedy qoky pchedy keedy qokedyqokedy qokedy qokedy qokain olshedy sain al keishy qokain dyolshedy qokain chckhy qokain otar aly sain qokain qolkeeolysaiin chedysol or shedy okchdy qoky dshedy qokar sheedy lchshokain chyokshedy qokain chedy pchedar shepchy lshedarydalshalshy kol shedy qokam sol sheedy qol shedy qolotain char oly qokshedy qol shey qokyshey ithey qokain ar ry shey qor chey lchey loydain shey qokain oqokain chey qckhsy orysheor ol lor odar shey qokain chedyor shey kar chedy pchey kshey qokeey qokalsshey qol chedyqokam qokain olkeey qolkarysain checthy lor ol sain shckhy qokeedy shy dyqokeedy lchedy ram dain ol sheol dain ol qolydar ajy,980,6:4,4
f75r,27.0,1,M,A,a,1,Biological (balneological),B,2,2,Month name,pdalshor shtol qoty pshar shedy okaldydar otar otody dy rol tchedy pchedy qokeey sol oldair shecthy qoll sheedy qokeedy lolchedy dain chkal dy lo lkaiin ol okeedyqol dain olchey qokeedy chedy qotan qo dain cheeky qokey qokain qokal dain chedy kalol shedy okar olom dshedy qokey chckhy qokar shedy chey qoked qokedy daldy,981,6:4,4
f75r,32.0,1,M,A,a,1,Biological (balneological),B,2,2,Month name,polshy shedy qokain chsdy shedy qotar shedy ldy qokeey shedy qo chedy qokain chcthedy ltedy darom olkedy okal oty okar otar ol kain oltedy qokain sheety qokain shedy qokain oldy sol keedy qokeedy qokey okar otar dardardy qokedy dy sheety qokedy qokeedy qokechdy lol qokeedy qokeedy qokedy qokedy qokeedy ldy yshedy qokeedy qokeedy olkeedy otey koldy shedy qokain shedy keedy rshedy sokeedy qokeedy oteedy qoky dy keedy sy dshedy qokedy qokeedy qoteey qoteedy dor yshedy chekar oldy qokain chkar otar oldy dchedy sain okedy qokedy otedy okoldy otar otam olaiin chdar dy sshedy shckhy qokey okedy sarol oty otedy qotedy otedy okaiin qokey qokedy sheol qokedy dain shedy chedy olor,982,6:4,4
f75r,47.0,1,M,A,a,1,Biological (balneological),B,2,2,Month name,okeedy daly ychey sols dara ychty saino saldy dainy,983,6:4,4
f75v,1.0,1,M,B,a,1,Biological (balneological),B,2,2,Month name,pchedar opchedy qokedy opchedy qopdydain chetas chcphhy qotam sor sheky qokain okal olchedydaiin chckhy lkar chckhy rom dl shckhy kain olchey qokain dalyrddl shedy qoteedy cthedy loly qokchdy qokal ol chety lchdyshedy ched otedy qotedy otar qokeed chedy ky okedy lchedy odydchedy olchedy otedy qoky qokedy rshey qol chey ol chey keedsol key dy kedy qokal oly ocheain cheedy qokal dain sheeky qokysshedy tedy otedy tedy taral qol sheckhy qokedy qokedy qokalysor chedy qoky olshty qokydy ol olain olkey olshed qokalyqokar chedy qokain ty lshdy qo odchedy qolshdy shokshdy qokain ?or shedy qolol keedy qokalom shed ykain qokain sheckhy ldsaiin ckhy lshedy,984,6:4,4
f75v,18.0,0,M,B,a,1,Biological (balneological),B,2,2,Month name,okshy saral dokal darol daldy shd dalkar qokal dly ory oty lchy dary daldy qoted rkal ykedy olkchy otoly otal opal okeey lol olol ytedy otedy qotedy,985,6:3,3
f75v,38.0,1,M,B,a,1,Biological (balneological),B,2,2,Month name,tolsheor qokal olked orol kchey okain olchey okar sheky dedy kedy qoqokeey olkain qol sheedy qokeor sheedy qokal or chey qokar ol aiin dlshedy qokain qol qol ol sheedy cheey dol ol sheey qokain olol shedy qokain shey qoin ol shey ol shey qoky qol cheey chl or sheolo sheey qolshey qokain okaiin charor,1005,6:4,4
f75v,43.0,1,M,B,a,1,Biological (balneological),B,2,2,Month name,pokain okeedy or chesy solshey qokeey qotedy olkedy chey tal dy qol olshees ol sheckhy qokain ol chedy qol chedy qol qolchedy chealy yshey qokar olchedy qor okeedy qokeed qokeey qokeey otey qoky dy ychey qotain sheckhy qokedy qokedy lsheckhy qokain tol olchedy qokain olshey qokain ol shedy qokedy qokeedy qotar olshedy oldy qokear chedy shckhy dol ycheedy saino ol cheedy qokar otar por shey okain chedy qolsheol olchedy,1006,6:4,4
f75v,57.0,1,M,B,a,1,Biological (balneological),B,2,2,Month name,okedy qek tedar oly alchedy solkedy qokeedy qokol olkol,1014,6:4,4
f75v,60.0,1,M,B,a,1,Biological (balneological),B,2,2,Month name,kolkedy qokedy qoky lpchdy qotchdy lol oksheyqolkeey lchdy soiin ol otchdy ykeechy qokeedy ol olsheey qoly qol chey qokey oldy olyly sshey qol dy qokar shey ldy qokal dain dain qoky okal sheedy qoteedy qokchy ly ykeedy qokain otain shety cthey shedy chckhey ldy okeshey olkedy olkedy qol chey qokey olchedy otey orol,1015,6:4,4
f76r,1.0,1,M,C,b,2,Text-only,B,2,2,Sequence of characters or numbers,potchokor chcfhdy opshdy qolp chcphy chcphdy opshey qofshy opchdy sain as dshedy qotddyar cthar chep dain okain qokeor shedy qol ain sheals qokeey yshey qokeey qokey qokeed okedy shky qotedy otedy shol qoty ol chedy aiiny qokedy qokeey or or or chkorol otey qokedy lkedy chdy qokchdy qokal chdam solchedy qokeedy qopchedy qokeeo rol shedy qokedy sheey okees al al chedain qoaiin okeedal qoked qokeey shedy chey lkeedy aiin chekain oldy shed al shckhy ain chcphedy ain olkeey lkar ain otchy lkain chedy daly qotedshedy qorain oteedy chedy ol chdy raiiin chekain dain chckhy oty solshedy qool qctheed shdy qa ol dain saiin ar shedy qokeor okeedy qokeedy checthy chckhey okal okaiin sheckhey okeedy otey kal chedy chorshedy qoked okees al ar aiin ar ain chckheed lchedy shedy qolair chedy qotes chedy shckhy qokeey okeey kain checkhy qokeedy qotey qotain chekair chey chckh shey qeeey chol lkain shedy qokeedy okain chedy okeed qokaloro dcheedy qolchey qokeey qokeey chedy qokar shedy shedy lshedy qolchedy otedyl dshedy qo chedy lchedy qokey qolchey qotain chckhy shckhy lchar okar alchdy qokchsdy okeey lchedy qo olain ot shedy qotaly sain shedy oleeed sheedy qokedy chedy chedy qokain chckhy olchy ain shedy olaiin chedy qokey dalshedy qol sheedy qokaldy chepy dain alolor olain chedy shecthy qokey lor qoloin chey qokeey lchedy chckhy chey ky chey qolal lklchey lchedy chey llaiir shedal shey qokey qolchedy qolain ain chey qokaiin okain cheedy lchey oly dy soin sheey chear ol aiin chodaiin qokaiin chey qokalchey chdy ytal qokar shedy shedy qokar shedy qokain shey lshcthy okar okain laiin darchey cheolchey shcthy chedy qo qokey dalaiin sheeky qokain olky sain chy cheo ain okaiin dain chey dalshedy qokaiin cheol shy chedy rain chedy shy qokedy lkey kal shedy qopchey qo pchedy okchy chckhy shey lol ol sheey cheor shey qoolkal shedy shedy shey shedy ollchy shlches shcthy sain oly sain shedy lshey qokal chcthy okeolor cheol otar chedy qol chcthy chckhy qokal shedy sheol cheol alshy chol chdy talor ol alor chol okeor ar oly lchey chey olsheol qokal chal,1016,6:4,4
f76r,39.0,1,M,C,b,2,Text-only,B,2,2,Sequence of characters or numbers,polalchdy pshedy opchedy qokas yksheol qokeedy oty lshed chpsheedy ytal qolchey shckhy qokey lchy opchey dain shdy qokedar olchdy sor oty dy lchedy sain ar okedy lcheey qokey shckhy otedy qokal shey qoky dain chedy qokchdyl dain chey lsh chey lchedy qolain qotal shedy dy shecthy otalam sor shey qokey qokar sheeoldy chol oly chaly lol chdy,1017,6:4,4
f76r,44.0,1,M,C,b,2,Text-only,B,2,2,Sequence of characters or numbers,poleedaran shckhy qoty ykar alol lkaiin ol shedy otain okar opar kolpy shedy qo or okain shey qokaiin okeedy qochy as oin sheey chckhy dain shear okedy otedy okedy lchedy chedy okar chedy otarain dain chckhy or aiin sheey qockhey olchdar sheey otedy olain oky saiin shckhy lkeedy qoky okain ytain oteedy okedor shedy qokal saiin olaiin oky shol sain oky kar chedy lkar al loral pchedy dol shdy olkedy qokaiin otal rory,1018,6:4,4
f76r,51.0,1,M,C,b,2,Text-only,B,2,2,Sequence of characters or numbers,qkor shedy shey keedy raiin opchdy chedy qopchedy rorol olsheed qokedy qokeedy qokedy lkedy lsheedy okar shedy otain saiin qol shedy ol chedor chal shed qoteedy dshdy okal chedyl or chedy qolaiin okedal olchedy chdol olchedy choly aiin sain sheey or ar al solshey okeedy ldaiin checkhey okedalor qokaiin ol shedy qokeey or shdy,1019,6:4,4
f76v,1.0,1,M,D,b,2,Biological (balneological),B,2,2,Sequence of characters or numbers,polarar okor opcheey yteey opchaly lshedy qofchdal lkodolopa korols sshedy keedy cholkeeey otedor okor shedy chedy qokeedy olyshey qoyky dchedy qokeedy oteedy chedaiin chey qokeedy olkedy roroteedy okal salkeey sor shecthy okor chpchedy cpchy oty olorotchy alchl otain okain chcthedy qoteed kedy okedy chedyotedy teyteg qotees olkeey okeedy qoeeedy chckhey sheor aiin otarcheedy lchedy doteey qo okaiin oteedy otedy cheolchdy okeedy otedy qokedy okedar da qokeedy ochedy roiin sheedy qokeedy okeedy olor okeedy qolkchey ol sheor chey ral cheey al cheedy,1020,6:4,4
f76v,10.0,1,M,D,b,2,Biological (balneological),B,2,2,Sequence of characters or numbers,cphdor shedal qopchdy dshedy shedy tchedy lsheetal shecphy dy cheor sheedy oekeedy qokeey qokedy oteedy shedy qokedy shedam solsheol sheey lteedy qokeedy qotal chedy checthy otedeey qokol chedy deey saiin sheedy qol sheedy okeeedy qoteedy chedy qotedy oleeedy qoteedy lo qokeedy qol cheedy otedy cthedy otedy qoteedy shcthedy qoeekeedy deedy tchedy lsheedy chedal chedy checthey,1021,6:4,4
f76v,16.0,1,M,D,b,2,Biological (balneological),B,2,2,Sequence of characters or numbers,polshdal otedair opshedal qokedy shedy fschedal tsheokeedy oshepols olkeey shokaiin sheolol otedy qekchdy qoeeedy qokedy lkedy chdy lshey qockhedy qodeey qolkeedy qokedy chol chedchey olkedy or as sheey otar shedy otchedy checkhey olchedy checkhy checkhy lky dol sheetey qokedy ol checkhy lshedy qokeedy cheedy qokeedy shl loiii cthedy chdar chckhy chees salkchdy chey lcheedy lchedy qoteedy sol shey qotedy chey dytey teedy lchey qokedy chedy lal chedy lchedy dchedy qokeedy qotchy qokol shedy shedy chedy olched? shetey saiin qokeey lsheey lchedy olshey,1022,6:4,4
f76v,25.0,1,M,D,b,2,Biological (balneological),B,2,2,Sequence of characters or numbers,psheoldy opalshedy qokshedy qokedy dor shey opchedy so fcham dshol qokaiin checkhy oteoldy qokeey chckhy lar aly shckhey qokeedy saiin chek ain ain kan chlaiiin saiin sheckhy cheolchey qokedy sair sheckhy keedy lchedy sheedy qokeedy qolkey lchdy schees shees al okaiin alaldy tchedy lshees aiin chees tchy rshed chkaiin sheky shtal cheedy lsan sair shekaiiin shets aiiin shety otey okaiin otedy qotar chedy tain sheey qotain chedy qokaiin chedy taiin chckhedy oty saiin otaiin shckhedy,1023,6:4,4
f76v,34.0,1,M,D,b,2,Biological (balneological),B,2,2,Sequence of characters or numbers,sakaiin okeedy chedy qotain cphey opcheey oty saiin otary ychees alchedy qokeedy lshedy tolchedy lchedy qoky saiin olor cheol teey lshety okeey qeedy,1024,6:4,4
f76v,37.0,1,M,D,b,2,Biological (balneological),B,2,2,Sequence of characters or numbers,qoeedy lchedy chees ol oiiin chchky shekeey qokey qoky saiin sy saiin chedy shedy qokeedy lol saiiin qokain chey al aiin dl sshey lshedy qokaiin shedy okedy san ol keedy sor qoky dedy sol shedy qoky shedy chey qokaiin cheedy qo char aiin sol shey chedy qokedy chedy qol aiin shedy,1025,6:4,4
f77r,1.0,0,M,E,c,3,Biological (balneological),B,2,2,Sequence of characters or numbers,darchdar olkchs otedy otork dchdy soral dotedy otchdy otolaiin,1026,6:4,4
f77r,9.0,1,M,E,c,3,Biological (balneological),B,2,2,Sequence of characters or numbers,poldarais ol qokol chey qopchedy qopchedy dylches olkedy loly tolchd ar shey qotaiin qotedy qokol chdy qokain chetey qoteedy qokaiin shedy chol shedy shcthey qokeedy oteedy cham solteedy qoteedy qodeedy chedaiin chedy shedaiin shealol ched qokeedy qol sheedy shol tedy chedy lsheedy qokedy qolal chedy sokcheey sain sheeol qoteedy qokaiin shedy qokeedy qotedy qokeedy shedy qotol shedy qokaiin sheety qokeed lchedy lol sshedy qotaiin chedy qokaiin shedy qolcheedy qokeedy lol qoteedy qoteedy qokedy sheed qeey saiin sheety qokeedy lol cheedy lshey qo or chees sheckhedy qol cheedy qotaiin qokeedy lchey lsheey qokeedy qokeedy qokar qokeey laiin chey qotain sheal qokeedy qoteey qokain sheey qotedy dalchedy chedaiin shedy qokeedy qokedy qokeey chedy shear olaiiny qoteedy al lchedy oin chy chedaiin cheey okedy qoky sheoky qokaiin chedy lchedy olshedy qokeedy chedy qokal dol shor cphey lfcheal shear qolchy,1034,6:4,4
f77r,25.0,1,M,E,c,3,Biological (balneological),B,2,2,Sequence of characters or numbers,otedy qokar shedy qokal shedar chedy daror qoteedy qokeedy qokaiin chcthy lchedy qokaly solchedy qokain okaiin shedy qokeedy qotedy olchey qotey qokain olcheedy lom saiin cheeol qokeedy qokeedy qotal qokaiin chckhey sa iin qolkain cheeky lol qokain chckhy qokeey qotedy qotedy qotary qor ain cheol ol chealor cheey qeteiiin dary chedy qol keedy qoteeedy oiiiin cheety dy qokaiin shedy chedy qolchedy qokaiin qokaiin checkhy raiin solkeey okaiin chedy qokain sheedy qokaiin chedaiin chealy dshedy pchedy qotain chedy dolchl qokeedy qokol olchey teeolain chey qoteedy qokain cheedy cheey lchedy,1035,6:4,4
f77r,38.0,1,M,E,c,3,Biological (balneological),B,2,2,Sequence of characters or numbers,pol shedy qoeedy qokaiin chcphey qol ltaiin shedy qol olaiin cheey sheckhey lsheey qykaiin sheedy laiin daiiin ol eeedy okaiin sheeol qotaiin shody qoty sh qolchey qotedy qotal ain chl arol qokeedy qotedy qokeedy qokeedy qokeey aiin al chee ol cheedy qotaiin qoteedy qotedy raiin sheey qepchedy qol cheedy qokear cheey loly dy qokaiin lchear chr sl ain ol raiin lod chlchpsheey tal cheol dag as otey ysheey saiisol dalo tain dary dalo sodar oloky,1036,6:4,4
f77v,1.0,0,M,F,c,3,Biological (balneological),B,2,2,Sequence of characters or numbers,okain kal shedy olkeedal otolor orchedal saroral okalo o?eoedu,1039,6:4,4
f77v,6.0,1,M,F,c,3,Biological (balneological),B,2,2,Sequence of characters or numbers,qetedy shedy qotol odal chal qopshedy qotedy qotedy qokedy olshedy qolsheedy qy rohr ycheedy okedy lshedy chs shdal chedy qolky qokeeey shedy qokeedy qodykey qokedy rsheedy taiiin sheol teedy yry dcheol kshey qolchshy cheol olchedy ol chs ol sheedy qokedy chedy tchedar alain checkhy shedy qokal chedy qokedy qol shedy lol qockhy dol chdy dsheedal qokal chedy shedy qokeedy olchy lchedy shedal qokedy okal chedy qokal shedy chedy qol chdy lam sor sheol chdy qokeedy shedy chedy qokal chedy qokey lshedy darcheedal qeedy qeedeey olchey lchey qedy or cheey qol rar ar qol kaiin shey,1044,6:4,4
f77v,16.0,1,M,F,c,3,Biological (balneological),B,2,2,Sequence of characters or numbers,tedal okaiin shedy qokedy qokain otedy dasy olchedy qol shedy qokchedy qokeey olol qokaiin sheol ekedy qokey qokal daly qoraiin shey qokaiin chal aiiin chedy qol salchedy qokedy qokal shed keoly qokal salchedy shey fchor qotas olky darory dalchey qol chedy oqokain olkaiin chckhy qokal qokal chees ol shedy doraiin ol qoky ol sheekey qokeedy dail qokedy qokedy rol lchor oiiin shedy qokaiin saiin sheedy qokeedy ral dairol shedy rchy sheor qokedy qoky chckhy qokchy ldol tshedy qokain chedal fchedy sain chedy qokain ol ychedy qokedy qoked ol sheor olchdy,1045,6:4,4
f77v,29.0,1,M,F,c,3,Biological (balneological),B,2,2,Sequence of characters or numbers,tchadchy lshedy daly dsheedy pcheol lfol ol cheedy qoty shey ol sheey qokedy lchedy qokaiin chedy qoas shedy qokaiin shcthy qotedy rchr oltedy lchy ycheey qolshedy qokalchedy qokaiin checkhy qokal qokaiin rar chedy qokal qotal rain solkchedy shar ytal dy dychedy lkchey qokedy rched tchor sheey qokain qokain sheol qokeedy qokal dary qotchy qokal shedy qokedy lchedy qokedy qol raiin chey schedy qotar sarolsheedy qokain cheey roiin shey toldal shedy qokedy qokain dolcheedy rolchedy qokedy dcheol kchedy soikhey qokal qokal shedy sholdy qotal qokeey rol chdor cheey qokaiin saiin shedy qokeedy qokam chedy lchedy lkaiin dy qokal chdain ldchey ol raiin oldy tcheey qokeey qokal lchedy cheolkaiin,1046,6:4,4
f78r,1.0,4,M,G,d,4,Biological (balneological),B,2,2,Sequence of characters or numbers,okchdldlo okchdy aloifhy dchedaly otarodla'yorory okaral,1050,6:4,4
f78r,3.0,1,M,G,d,4,Biological (balneological),B,2,2,Sequence of characters or numbers,tshedor shedy qopchedy qokedy dy qokol oky qokeedy qokedy shedy tchedy otar olkedy dam qckhedy dol chedy qokedy qokain olkedy yteedy qotal dol shedy qokedar chcthey dor or qokal otedy qokedy qokedy qokedy qokedy am dshedy qokedy okar qokedy shedy ykedy shedy qoky schedy keedy qokedy chckhd qokain chedy qotedy dy dshedy deedy qokeedy otedy otal tedy otey oloiin qoky okeedy sheety qoteedy otey shckhedy sokol or dor shekedy qokol kechdy otedy ol tedy chckhedy qokedy ol kedy qokain okedy kedy tol dy qoteedy dy sor checkhy or chckhdy dol kedy qokededy qokan ol dchckhedy qokchdy qokedy okedy or okeed olkain qokol oted okain ched ar alory soiin kar kedy pche'y tchdoltdy chedy qokain ar okain aiin okeedy qokain chl sol shedy dalshdy qokychdy lchedy qokain cheeky lokedy yched qokain chckhdy lr sain sheor olkchdy roiin okeedy qokeedy kedy qokeey qokedy olol sokeedy keol lorain olkeey raiin sol shey kary or shedy qeedar ain anl chckhal daiil aldy,1052,6:4,4
f78r,28.0,1,M,G,d,4,Biological (balneological),B,2,2,Sequence of characters or numbers,orain ol qokeedy kchol tchal olkee yfchey ofchedy taly ssheky ol kedy chckhy dain oty qokor oky dain chy ol qokeedy qokey olkain chedy ololdal chchty tedy solkeedy sheckhy qokedy otal shedy otar olchedy cthdy qokedy ckhdy qokain chedy dalky lkain ykeedy okaly dy ytedy ykedy olsheey qokeey okal ol keedy dyky dshedy qokeedy qopchedy qokaly okaiin keeal sain checkhy qokain cheeky tees ol qotchedy lchedy lchedykedy qolsaiin ckhain or osal ol aiin shee' aiin oly aiin oteedy ol aiin chedy qotaiin qokaiin otedy keedy shedy qol shedy qokaiin ol ykain chdar chedy qokain dy dain chfaiin opaly kotaly lchedy pchedy qokaiin,1053,6:4,4
f78v,1.0,1,M,H,d,4,Biological (balneological),B,2,2,Sequence of characters or numbers,ykedy olfchedy qokedy spchy chedy rol dor ofchedy qokedy olshedy qokedy rshedy cthdy otedy kedy dol oty qokedy chety qolshedy okedy dol eesolchey qotedy ol dam ol chy lshdy lcheckhy ol keedy lcheckhey olkedykain ol qor olkeey olkain ol chsey ol cheeky okal olchedy ety okeey or ch'eey lchey qokain okedy qokedy qol shedy otedy shedy qokeedy qokedy otar otedy qokedy otedy qokain oteedy qokeedy okedy dkedy dain cheolk lkeedy qokedy ol chedol okeedy qotedy rorarol dshedy qokedy or shedy pchedy qokedy okedy opchedy qol chedy qol okeey ykal ol chdy qokain chcthy sheor ol qokaiin shckhy otaly qolsheey qokal sain dchokol chedy qokedy qokey qol chedy qokeedy lchey qolkeshdy qol shedy olkedy chedy qokain cheey qolchedy qokey or cheef chckhey tedy qokedy ls lshey shedy qokedy lchedy qokdy oly qol sheedy qol lcheol lchdy dchdy da qar olkal dy chedy shckhy qokedy lshckhy qol qol oteedy qor lchedy ol chedar shedy lor shedaldy orain,1058,6:4,4
f78v,20.0,1,M,H,d,4,Biological (balneological),B,2,2,Sequence of characters or numbers,qofcheol opchedy qokain op chedy lchey cphar ol okalor chedy lshedy olshedy otaiin ol qokar shedy yteedy shey ol shedy okal okchey okeol ol chedy qol qol chedy okeshy qoteedy okeedy ol shedy qokedy dy ytaiin shedy ol sheedy olshdy shey kshdy shol kedy teeol olkeshey qolcheol ol or sheckhedyor ol sham qokaiin or sheedy otain ol shedy sol fchedy otaldy lol kar shr ol ols sheey ol chedy oltar olkaiin olkain shey qokey okar ol oteedy chcthy los aiin lchedy otchey qol chedy lr al aiiin ol shedy ary shol sain sheety or oiiin okal oltal qokar ary sor ar or dchor otaiin otain ytedy olshdy sholkal lol cheor sheol dy qokar otalor,1059,6:4,4
f79r,1.0,1,M,I,e,5,Biological (balneological),B,2,2,Sequence of characters or numbers,torain shedy pchor or shek otarpchdy opcholor otal shedy qoteedy lshdy otchedy olshey olshee qol sheey qoteey loly yshealdy rshedy qoteedy chckhey qo chey lchey qokeey rchedy teey qotar sheds sheekeey qokeey qolshy olchey qoky ol qokal shedy chcthy or chear salchey qol shal chey cheol chol chy shol okar ol olkeey qokey sain olcheey qol chey,1060,6:4,4
f79r,7.0,1,M,I,e,5,Biological (balneological),B,2,2,Sequence of characters or numbers,polchedy qokar shey qokl ol cheey qokain chey qoty qokar qokol cheedy qokal shed ykchedy chcthy yoky qokal cholo saiin shedy psheedy qokar sheol qolchey qoty qokal qokam qokshedy qokain cheor sheeol qotecry choty otechys shoikhy chedy tshey dshdy otchar shek chcthy otal ory qokchy qotchey ldain shedy qotaiin,1061,6:4,4
f79r,13.0,1,M,I,e,5,Biological (balneological),B,2,2,Sequence of characters or numbers,pshorol shckhy qotshdy qokaldy opchedy qotar or aiin ol saral qokain checkhy qotal qol cheey chey dain chedy qol qokl shey qokal chedy dyty aiin ol sheol lchey shain shckhy qoly kshedy otal sheey qokain shey qokam qokaiin shy lsheey ls air or aror otaiin olol ol solor olshey qokaiin chey qokain otain otain otal ol dam sol cheey chol sain oral shey qokain sheyky shoty oly shal chedar oikhy scthey tal chear,1062,6:4,4
f79r,21.0,1,M,I,e,5,Biological (balneological),B,2,2,Sequence of characters or numbers,pol shar sharpchey otshey okaos aiin okshey dalkeeeyry lchey sheedy efchedy otain shey qofchey ol dorchedchey das shear qotaiin ol lkain otchedy or olkl tshedy otory qokshedy qolkeey qolkeedy qokedy otain otchey okain cholchey qotshy qol shey qokar shedy chcthy,1063,6:4,4
f79r,26.0,1,M,I,e,5,Biological (balneological),B,2,2,Sequence of characters or numbers,polaiin olteedy qotchey dykeedy qokchdy opchedy shol ory qokeedy sheey kas cheey olkaiin ol ory cholor oty oky dolsheey qokain dain yteey chyteey otoldy lchey lcheey qochey qody qokal olor okchd dchol dchy oly shedy qotal ysheey olor,1064,6:4,4
f79r,31.0,1,M,I,e,5,Biological (balneological),B,2,2,Sequence of characters or numbers,polshey oltshedy sheol okeey cheor sheedy ol sol cheedy qoteedy okaiin ol olaiin shey ch?y ol shedy qotshedy oteeedy oteedy chey qokain ol lcheol kchedy qotas sheey teol oteedy,1065,6:4,4
f79r,35.0,1,M,I,e,5,Biological (balneological),B,2,2,Sequence of characters or numbers,polchedy shedy qoteedy qotain ody chckhes otal sol sheeol ol cheey sheky sheol or shear oly lcheol ol ol sheey olsheey sholkeey okchey dain pol olkeeey sheol qokeey,1066,6:4,4
f79r,39.0,1,M,I,e,5,Biological (balneological),B,2,2,Sequence of characters or numbers,polkeey qokol otshdy olky orkor shecphhedy olkal shedy qokched oltchey otchotar ol okaiin chckhy qokain shedy qotain oteedy chkain ol ol chedy oly sain okaio chedy lkchedy aiin okain oly cheedy shey qokain cheol qoky chkag ar cheedy ldy ody aran okeey cheory,1067,6:4,4
f79v,1.0,1,M,J,e,5,Biological (balneological),B,2,2,Sequence of characters or numbers,poldshedy olkory qotolol otaldy ytedol or olorol qoteedy qokchey qoty lshey qokain shey qorchedy dolsheol okchy qokain sheedy qokshedy qokeedy otaram qokeedy qokeedy qotain sol chedy rchey qoky lchedy qolkeedy qokedy qotal saiin ory qokedy oteedy lcheam ycheckhey ain chedy qokain chedy ol shedy ytam qokshey qokeedy qol kedy qokeedy qokain solchedy ychedy qotey okedy tedyol sheedy qokeey qoteedy lol ol sheey qokeedy qokechey qol,1068,6:4,4
f79v,10.0,1,M,J,e,5,Biological (balneological),B,2,2,Sequence of characters or numbers,pchedy lsheckhedy qokeey qokaiin olky opchedy pchedy olcheey lchedy qolkeedy qokain chckhy otar olkam,1069,6:4,4
f79v,12.0,1,M,J,e,5,Biological (balneological),B,2,2,Sequence of characters or numbers,pshdy ofchdy qokedy qoteedy qokedy qoltedy qotedy oky dain ar olshey dytain qokain checthy okeedy qokeedy ror qokeey qokedy okeey qokol sheedy qokeedy rolchey qokeedy yteedy qokeedy qokain olkeey cheokain dy teey qokain dol sheey qol olkshey qokeedy olkeedy qol okaiin oly qol sheey chol ol qokaiin cheekey qoky otain oram qokain sheey qokeey teey lcheey qokeey olkeedy rchey ykail shy qolar shey qokedy qokedy qokedy olkain cham dchedy lchey qety shedy okain ykees olkey oty shey qoly dshey qokal sheedy sheky orain otshdy dain cther aror tshey ch ?ain oroiiin,1070,6:4,4
f79v,23.0,1,M,J,e,5,Biological (balneological),B,2,2,Sequence of characters or numbers,tolkey okar ol okaiin otylor qokol okeedy dalary ycheear oeedy qotain chedy qokeey qokeey lol qokeey ol olshdy qotain oteedy olkain otshey sain ol ykeedy okaiin dykaiin otedy dkeey tar ol oiiiny odchey kar akain opar otain olkey,1071,6:4,4
f79v,28.0,1,M,J,e,5,Biological (balneological),B,2,2,Sequence of characters or numbers,pchey ksheol qokain ofchedy otalshdy olkair otaiin okeedy dain sheyteedy lky opchedy qotedy otey tal dain oty qokain sheeky okar qokey tedy skain oteedy qoky yshees aiin ykeedy qokeedy qokar oteedy roltain olkeey ol or ocheey ol ol keeedy checkhy aror,1072,6:4,4
f79v,33.0,1,M,J,e,5,Biological (balneological),B,2,2,Sequence of characters or numbers,por ar or yteey teey okar oshey qoky chey okeey ldy oral ykeeey qokeey lshey qoky tchedy orsheedy otain sheor oly qor cheey kain chl ol dain otain ol oteedy qokan ysheey ol shey oltshsey sheepshey,1073,6:4,4
f79v,37.0,1,M,J,e,5,Biological (balneological),B,2,2,Sequence of characters or numbers,pol ol shal kain okeey lkeey qokal otchsdy okeshdy olkeeey qokeey okeedy shedy qokeey okain sheckhdy dag qokeedy sheey or or aiin yefaiin chcthhy dor yty qokees aiin okain ol qokoin sheky qokeedy qokar ol yshedy qokeey okain ol daldy chedy raiin orain okchedy qokain sheky chedy ol ain daral,1074,6:4,4
f80r,1.0,0,M,K,v,5,Biological (balneological),B,2,2,Sequence of characters or numbers,toroly olchdy okaly okolo okary opor olky otalshedy okar okan,1075,6:3,3
f80r,11.0,1,M,K,v,5,Biological (balneological),B,2,2,Sequence of characters or numbers,pdol fshedy qpolkain octhor okchdy qokeedy qopcheololkoiin darshey dykshy ol otchedy qokain qotain chckhey qokain okal qotain okedy qo tchedy qotair cheol qokal qokal cheety qokaiin qokar qokain chedy qokam solkain shl lky chcthy qokain qotchy qotal dy chckhy lchey qotar otal qokedy qokeedy checkhy olchedy qokain chey qokechckhy otar cheoltain sy solchedy qokeedy qokar ol chedy qokain shecthy qokeedy saltar chkain oty solky sheckhy sheky shkeol qokar sheky chetain ol olkar okain sheky qokal da? paiin sheol qokain chety qokeedy qokar shcthy qotol shecthy qokain olkam dcheol shedy qokeel qotaiin chtal schcthy qokal chcthy qokain okain oloky qoteedy qokain chckhy qoty dalched otain shedy qokair shey dalom shedy qokey shckhey qotar chckhy teol sheol qotal oltain chcthy qokeedy qol shecthy qokalkeol qoky qokal shedy olkain shey qokl yshey shey kaiin lor aiiin shcthy pchey ty ol keedy tar oky lar lol chey rchy ol dain oty qoty otalor sheckhy olkeey ral chedyor sheal cheeky okain sol lshedy dol checthy orol eeesal olo teol ory lchol shecthy otedy qol olcheedy opcheeky qotchy qokaiin otair olky lol shar otaiin olkaiin ol olkain oraiin olor checthy olor,1085,6:4,4
f80r,28.0,1,M,K,v,5,Biological (balneological),B,2,2,Sequence of characters or numbers,pcheolkal korchy qotey qoty rchedy qokal olkolshedy chty okchey qoky chedy qokain shedy qol sheey qokal ary dshedy qokal chcthy qokain shedy okaiin shey dainol qokal checthy sol chey okalol okaly qokeedy oly solchey qoky cheykain sheckhy qokain okain ol solchey qokeey lkar otal olkeey okain shecthy ol,1086,6:4,4
f80r,34.0,1,M,K,v,5,Biological (balneological),B,2,2,Sequence of characters or numbers,chchey rcheky shepchedy qokar ol qockhey olchey qokedy koroiin olkeey sheol qokeey shedy qol shedy qokain shey qoty qokain qokady qokeey rchey tain qokain shekaiin sheckhy qolshey qokain ol lom sol olkeeey otar orchey qokeey ltalor olor qokaiin ol shey qotor alom sor olky qoty ty tor sheyky opchedy qokain sheky qokain ol qokeedy qokail otain shedy rar alshees,1087,6:4,4
f80r,40.0,1,M,K,v,5,Biological (balneological),B,2,2,Sequence of characters or numbers,torolshsdy opchey shepchy qotain shcthy qokedy daly tolkain otal chedy qokar ol shedy checkhy or oly cheeytal checthy qokain qokain checthy qokain ol sor sheckhy qokar checkhy okain sheckhy qokeey ly qokain shckhy qokolkain chedy qokain checthy lor okain shedy qokan chedy qotain lteey lolom qokain cheey olkain shedy qokain orol,1088,6:4,4
f80r,47.0,1,M,K,v,5,Biological (balneological),B,2,2,Sequence of characters or numbers,polchy efaloir okain okaiin cheey kaiin ylor olkeey qokal shy loiin cheey qotl shety sheoky qokaiin cheey ram tiiin chey ral kar chey lkl ol shees okaiin olky oklor lol chey saiin shety okaiiin sheor tchey lkaiin okainy talkl ol al cheoly otaly otain chey lkain olom sol tl shey qoklcheey lkaiin ol olor aiin cheol kain lol eey lchey qokal cheol lchor otlol,1089,6:0,0
f80v,1.0,1,M,L,v,5,Biological (balneological),B,2,2,Sequence of characters or numbers,pchedy dolfchedy qokeedy qotedy qotolfchedy roly tshedy qotedy olkain otal chckhy qoky doly schedy qolchedy qokaiin chcthy otaiin sheeky qol qokedy qokar qokain chedy qol qol shectyhy qoly okeedy chedy olkeedy oithy qokaiin shckhy qotain ol tcheol kedy pcheol kain shedy qokaiin otey qokedy chedy,1090,6:4,4
f80v,7.0,1,M,L,v,5,Biological (balneological),B,2,2,Sequence of characters or numbers,polshol tchey qokol shedy qotshey saly kchey stolpchy olteedy qokaiin shedy qokain sheol qokchdy qokchdy qoty dy tchdy qol tol tal taldain chckhy qokal dol checthy qokal ly sol sheey qokaiin shcthy dolshedy qokal shecthy qotainol tol sheedy qokar olky rorcheey sheckhy qotain chedy rol ycheol kain shey qokain chedy qokol olkain shcthhy lor ar ol olor chey koldy,1091,6:4,4
f80v,14.0,1,M,L,v,5,Biological (balneological),B,2,2,Sequence of characters or numbers,tshedy qokain shedy qokas otal qopshedy qoty lchedy qopalor qotaiin chty lchedy aly tol chey qoteedy otal dain ol cheol key qotar dy qotal dy keedy qokain oty loldy tal solcheol qokaiin shecthy qokal cheol dy qotlolkal chedyr ychedy qol okaiin olkedy or okain,1092,6:4,4
f80v,19.0,1,M,L,v,5,Biological (balneological),B,2,2,Sequence of characters or numbers,psheoldy dkshey qokopy ror opor olpoikhy oltydy ysheeyqorar ol cheey shey qokaiin ol okaiin tar kain okal rchey qokal olor aiin okal otam dchedy qokal ol chey or shedy lshedy,1093,6:3,3
f80v,23.0,1,M,L,v,5,Biological (balneological),B,2,2,Sequence of characters or numbers,polteshol opy shey qopshedy qoteedy qotol shy kolshd qoky yshedy qokeey qokey qoty qotol otaiin ol chedy qoky lshedy qoty olol cheey qokain okalchy tal or checthy qoty cheyqytaiin chey lchedy shedy olchey,1094,6:4,4
f80v,27.0,1,M,L,v,5,Biological (balneological),B,2,2,Sequence of characters or numbers,pshol kain olkar shey qokain oltaiin okain shal qoty olcheol qokain or al chain qokain ol kaiin okeedy qokey ly qokain olkain olkain ol keeol,1095,6:4,4
f80v,30.0,1,M,L,v,5,Biological (balneological),B,2,2,Sequence of characters or numbers,pol or olkain oikhy qokaiin okain okar shey qolky qol ol olkain ol chedy qokain olshey qokain olkain shol kair or arolkeedy olky qolkain shedy qokeedy qoker olkain olshedy qokey qokeey tchcthy lom dol sheyr shey olshey cthor ylchdy olkain shcthy qoly tol oltain olkar qol qol kain okiin ol kain shey ldy soin okain sheor ol shey daly olshedy olal shedy lchy polshdy qokeedy shky ololchey,1096,6:4,4
f80v,38.0,1,M,L,v,5,Biological (balneological),B,2,2,Sequence of characters or numbers,polkedy lsheckhy olky ot olkchy rchey qcthy rchey ral sol aiin chey qokain ol chckhy qokeedy tchdy aral qokain ol cheeor olar chey tchar ol chedy qotal olchedy tor arol ar shckhy lkol chedy qokain chckhy qokal pol ol aiin olkal shar shedy qokol chdy ldol al sor ain shkain shar okshey dalar shokal dy qokal orol,1097,6:4,4
f81r,1.0,1,M,M,w,4,Biological (balneological),B,2,2,Sequence of characters or numbers,polchoy qokedy shol opchedy olpchedy ofshdy oly dchey lshl alched qokol chol otar chedy oky qotey chees olkal ol chedy okar shedy dchedy qokain ol ol chcthy ykeedy al qol cheol okeey ol ol olaiin ol or ain ol eses shor qokeey ol dshees okain chcthy otey okain pchedy qokeey oty qotey oly qoteesy qotedy qokeedy chcphey chol dain otedy cheey qotain ly olsheol olkedy sheckhedy oltedy ychedy tedy ol sheedy qokeey loly dchol shedy qotedy qol chedy chetyry qokechedy qolsheedy or ain arol oeeedy sain ol cheedy qokeedy otedy,1098,6:4,4
f81r,16.0,1,M,M,w,4,Biological (balneological),B,2,2,Sequence of characters or numbers,polchdy qopchol qokor olpchedy opol oraisy checthy okeedy shey qokedy ol ochedar osheedy shedy ol shedy okeedy oror qokedy sheedy chedy qoteedy olam qopchedy qol chedy qokeey odaiin rain daly dshedy qokal olkeey olshey otey lol qotal chedy qol ol ol chedar ol oly chey okain sheckhy soiin chey lchey par ody shecphy cheol qotaldar otedy oly shedy qol otain okair okal chedy dy pchedy qokey qol sheor shedy qcthdys sol chedy qokedy olkedy dol qokchedy qokesdy chedy qokar chey taiin otey lchl sheedy shy chey chcthy ytar olkaiin ol shedy qokedy sor olkar ol kaiin olkshdy sol shedy ol lchedy shedy shy olkedy ar or oraiiin,1099,6:4,4
f81v,1.0,1,M,N,w,4,Biological (balneological),B,2,2,Sequence of characters or numbers,par shey keedy shekal ol pchedy shek dain ofalsheky qokedy okaiin kair okal ol kain olkain al ol rol dl saiin olkeedy okedy dykain shek chdy dalal oldy qokaiin okain cheeky dy ol kaiin dain dy chcthy okaiin otain chckhy okeedy qoky kar okar qokain okaiin ol chedy cheol lky aiin okain daldy olor ol sheckhal qokeedal chckhy schedy qol ykol or shedy sheedy qolkeedy dkain cphedy oldy yar olchey kaiin okeey olor checkhy daiidy,1100,6:4,4
f81v,10.0,1,M,N,w,4,Biological (balneological),B,2,2,Sequence of characters or numbers,polshy ashyteed qop okeedy otedy okshedy qoty dairam yshey qokeey okeey oky qoky oky lky olchy ky dsholyd qol ol chdy shedy qokedy ytedy chetedy lkedey ytedy ykeshey dchsed ytedy ytedy ykedaiphy qoty ykedy okal dshedy ykeedy sheeky okedy qokeed qokedy lchpchdy qokal chedy ol sheey salshcthdy qofchedy chedy ltary lor shedy qoeedy ol chy rshdy lshedy chdy pchdy sshkchdy chedy ol shedy qolchedy qokain ch'ckhy dl ral qokchdy chey ol ol shedy qokedy qokedy chckhy qoky solkeey ol shedy qokar shckhy dch'edy qokar qokal dol chy qocthey chekal chedy qokedy lshety qoldy ltedy qotain lsho qokey lshedy lshedy chedy qolky lchedal qol otar qokal qol cheey lchedy chedy salchtedytar shol qetchy ykaiin olkain shedy qoky dchedy rol olcthdy ytey okchedy qokal okeey qol cheedy teol dchdy ly oshedy qotedy shol chedy shchey ol chey qol chedy tchd oky ?ol checholtar okedy shey olkeol olkeedy okeol dsheol oiiin olkeedy tedy shckhedy chal,1101,6:4,4
f81v,28.0,0,M,N,w,4,Biological (balneological),B,2,2,Sequence of characters or numbers,otain olkal,1102,6:4,4
f82r,1.0,1,M,O,x,3,Biological (balneological),B,2,2,Sequence of characters or numbers,qosheedy qokeol shckhyokeeor cheey shey dchedy qolchedy qokain dyqokeedy qokal lcheckhy lched qokeey lcheckhedy qokalysolkaiin chckhy qokaiin qokaiin octheol chkeey ldyoteey qokal sheckhy qoky sol lkchedy qokeedy qokalcthol chedy qoteedy qokal shedy qol shedaiin sheckhy okal sheky qotaiin chedol dshedy sotaiin qokar shedy solshedy qokeey qoky ls cheey qekeey sheedy qokedy lcho cheey qokey qotal chedy qoteor ssholshecthy qokaiin chkedy rchey dairchey qokaiin,1103,6:4,4
f82r,10.0,0,M,O,x,3,Biological (balneological),B,2,2,Sequence of characters or numbers,oroldair okor darol okal okaldy darary okairady sororl olkoky sokoly dolol olaiin okeear,1104,6:3,3
f82r,11.0,1,M,O,x,3,Biological (balneological),B,2,2,Sequence of characters or numbers,kolchdy qokedy qopol qotedor chopchedy qotal chedy kam otedy qodched olqo checkho lolol okal okarchedy tcheol olchedy qokeedy qotedy chedar cheey lchey solarol olchy qokal chey qokain deeedy qokeey qokaiin olchedy kedy lchedy qokedy qokeedy lkeedy qokaiin dy chdy dy qokeedy lchedy qokeedy cheey or ol aiin chey racty dam dshedy qoteey chedy qokeeey qokedy lteedy qokeedy ralchey polched otain shedy shedy chedar qokeey araiin ory okain char okain qokeedy lchy,1105,6:4,4
f82r,20.0,1,M,O,x,3,Biological (balneological),B,2,2,Sequence of characters or numbers,posalshy qokedy cphal shedy sheol keeedy lkaiin shedy qoly cheoky lkedy salshey chey qol chedy qokeey qokaiin cheor sheey qokaiin shckhey qol keeedy qokeeey rasy cheey qcthey qokeey lcheey chey qokeeedy lchedy lar qokeedy lcheedy qokeoy raiin qokeey lkeey qokeey raiin ydy dol qoesedy sheea'l sheedy lshed qockhey lchedy lar sheey ry tshey qokeedy cheal lchedar aiin qokaiin pchedy rsheal daldy qokeedy rshedy qoteedy qokeedy lochedy qokoiin shedy qokeedy qotaiin chcthey qoteeol chey qokaiin oly cheey lchedy qokeedy lchedy rchedy okchhy qotedy qoty qoty qoteey raiin cheol qoteey shedy qokeey lshedy qokeedy rag cheol ol rsheedy lchedy qoty lcheeor qokain cheedy lched taiin shedaiin chckhey lchey lcheckhy sheey lr chey rain sain ol cheol ikhey cheor chey,1106,6:0,0
f82v,1.0,0,M,P,x,3,Biological (balneological),B,2,2,Sequence of characters or numbers,otechdy otedy daiinoty otedal olkeedy okalchy okain okaoky okedor okoldy olkol otedol oteedy,1119,6:4,4
f82v,5.0,1,M,P,x,3,Biological (balneological),B,2,2,Sequence of characters or numbers,tokol olfchedy qokeedy qokedal shol qotal otdal olshedy qokedy lshedy qotol dol shedy shedy dy darotedy chetedy lokam dair chedy qotedy qotedy chsdy qotal qoty qokal qokedy lo qokain sheol qoteedy chedy qokey qokedy qokol chedy chedy lchy solshedy lchedy dolshedy qokal sheckhy shey teeol oteedy qokedy qotey qokal shoky qokal chedy qotalchedy,1123,6:4,4
f82v,11.0,1,M,P,x,3,Biological (balneological),B,2,2,Sequence of characters or numbers,pcheol qokeey cheeky qokal shedy pchdy rol qotedy rol shol ol qoky qol chedy qokar qoteytyqoky chcthy qoky tchedy qocthes qokar chckhy qokain cholkaiin chckhdy qokoldy dalchedy lchey rol rol cheey ain shey,1124,6:4,4
f82v,15.0,1,M,P,x,3,Biological (balneological),B,2,2,Sequence of characters or numbers,tar sheckhy qokal qokain cheol tedy rchedy pchedy rsheol qokedy lchey cheey raiin shes qokchey qokain okal dy lchedam or ain shedy qok char okai qokeedy rcheey qotedy chtedy rches aly ykeedy qokeedy chedy qokar okeey lkedy qokal olkeedy qokeedy oky qokol chedy cheal chedy oty chdy dy checkhy otal chl,1125,6:4,4
f82v,20.0,1,M,P,x,3,Biological (balneological),B,2,2,Sequence of characters or numbers,tolsheol qokedy qolkedy rshedy qokedy rsheedar oinoly dain chey qokeeey qoky okaiin okain olkain otain okar aly qokain chedy qolkshey qotal shey qokain ol checkhy ly yshedy qolchey qolaiin otain olkeedy qotshedy oll dshedy qokaiin olchedy qokal shedy qotal dytar ll qok sheol kechey qoty ral tchdarol sheytchdy qokal saiin shey qokol chol qol sheedy qokal shedy qokaiin qokain sheal qolchedy qokaiir olkaiin shedy,1126,6:4,4
f82v,28.0,1,M,P,x,3,Biological (balneological),B,2,2,Sequence of characters or numbers,tchal olkair sheeky qolchey qokar shey qokain otshedy chey qoky shedy qokaiin olkeedy qokechedy qotar pol olor chey qokain shedy qokaiin olchesy ol aindar qokeey ain chey qolkain oky otaly qokal i'h olshalsy al loraiin chey qokain roiiin,1127,6:4,4
f82v,33.0,1,M,P,x,3,Biological (balneological),B,2,2,Sequence of characters or numbers,qody shar aithy qokchey kchey olkain opchedy qfol shty oral yckhey qokain otaiin olor okain qolkeey qotar olkain cthor chey qsain qokeey qokain otain otal okeedy qokal dym saiin shey qokeedy qokar sheecthey qokaiin daltedy rcheald sol chey alchey chol olkol chckhy dalchckhy olkain olkeeyr pcheol shedy qokaiin sholdy,1128,6:4,4
f83r,1.0,1,M,Q,y,2,Biological (balneological),B,2,2,Sequence of characters or numbers,tchedy lpchedy opch'edy chepol pchedar shedy qopchedy sol cheey qokaiin shol lchs shey qoteedy rches ar chedy dor olkeedy qotal chkeedy chey chey lchedy qokaiin qotal qokshedy chedy qokedy chkedy shetar shedy qekaiin chedy dch'eey qotaiin checkhy qoty cheg shedy qokeey rchedy qoteedy lo schedy chedchy qokal olchedy qokaiin chedy qokeedy lchedy qoky solshed lsheedy qeeedy qoky qol rsheedy qokedy qoteedy qoteedy pchedal otedy shecthedchy qoky chedy chary,1139,6:4,4
f83r,9.0,1,M,Q,y,2,Biological (balneological),B,2,2,Sequence of characters or numbers,pchor checphedy qokedy lsheedy qokchdy shedkedy qopshdy qopy olkeey rchs cheeb ols aiin skal dain cthal aiin chky lal sam sor shedy qokaiin chkain shcthey qokedy okair sheedy lchedy lo qockhol sheckhy otal qokeal sheckhdy ckal okedy qokedy qokal salcheol tar shedy altedy sair qokedy qcphhedy lchcphedy ldar qokchedy qokeedy shedy qokshedy lchedy qokaiin shcthy sy saiin shedal shecthy chey tal shcthy dalchdy qotchedy lchedy tchedy qokchdy cheedar chldaiin chedy qokain checthy chealror dcheokedy lkeed shckhey ytaiin shechy schety,1140,6:4,4
f83r,18.0,1,M,Q,y,2,Biological (balneological),B,2,2,Sequence of characters or numbers,pdalshdy shocphedy shedy opshedy otshdy qokedol shdy soldy shedaiin ockhey sain ched shedy qetal shedy shey lchedy solkeedy qoteedy qokeey qokedy sol cheeety qokedy qoky saiin solkeedy qokedy otedy sol chedy lkedy qokchedy qokedy chckhdy schedair otchedy qokeedy chedain chedy qotedaiin otaiin otedy ldy tchedy qotedy qokal shedy qokedy shecthedy shecthy chedy soiiin checthy chety otaiin olsaly shedy,1141,6:4,4
f83r,25.0,1,M,Q,y,2,Biological (balneological),B,2,2,Sequence of characters or numbers,qokeedy qolchey qokeey qokedy chedy otal otchey qokeey qoky tol shedy qokylddy dain chedy qokeedy shckhedy shckhedy saiin cheeky sheey qokedy shedy oldy salche'dy cheey qody kesd oldy okeedy qokeedy qoky saii,1142,6:4,4
f83r,31.0,1,M,Q,y,2,Biological (balneological),B,2,2,Sequence of characters or numbers,techedy qotchedy okeedy ldy ?cheol qokchedy lchedy qokey sy aiin sheekchy qokey sain shky lchedy dolshed qokchy saiin okeeol okain chdy sor aiin shy shey lshedy qoky sol lkedy lchedy qokol shedy or chey qockhey dairydy qokain shey kain chckhal solchedy olchedy chedaiin solkey lchedy qolkain sol ol chcthdy chedy lchdy sheol chedy qotal skar shedy,1143,6:4,4
f83r,45.0,0,M,Q,y,2,Biological (balneological),B,2,2,Sequence of characters or numbers,chtorol olsaiin sasoldal darolsy,1144,6:4,4
f83r,47.0,1,M,Q,y,2,Biological (balneological),B,2,2,Sequence of characters or numbers,otchdy qokchdy shedal cheol lol chdal aiin sol daiiin chedy,1146,6:4,4
f83r,52.0,1,M,Q,y,2,Biological (balneological),B,2,2,Sequence of characters or numbers,solkeey qekey raly ol solchkal cheol qotar ol ol dain chey ldalor sol rtain cthal,1149,6:4,4
f83v,1.0,1,M,R,y,2,Biological (balneological),B,2,2,Sequence of characters or numbers,poldaky dalol otedy chtair opchedy qotal chedy chepchedy opchey dol shedy qokedy shedy qotedar checthedy qokedy qotal chey qotain chcthy olkedy shedy qotaldy qokaiin dair shedy dain sheedy oteeody doldy qotedy qokeedy qokedar sheoldy qol oly qokal shedy qotain chedy chedol otaiin shedy qokeedy okaiin chedy qoteedy otalshedy sol chl ?es okeol shedy qokolchedy qokal qokeey qokalol chedy dy dol qokal olkshedy qokeedy qokal rolkeedy qokaiin okaiin ched okchey,1150,6:4,4
f83v,9.0,0,M,R,y,2,Biological (balneological),B,2,2,Sequence of characters or numbers,ololary okarchy okchdy okaiin,1151,6:4,4
f83v,11.0,1,M,R,y,2,Biological (balneological),B,2,2,Sequence of characters or numbers,pchedar shedal qokar shedalokchdy qokedy okail shedy qoky lsheg shckhy qoeeo lldar cheey qoal qokeedy olkar sheedy qokain olal qol chey qo lched qolky qokal chedy chedy chckhy cheor ol lal salched qol shedy qolchedy qolchdy qol rchedy cheol qokeor sholdy qokaiin cheol shey qokeey cheol cheeaiin olkeedy qokal chaloly qokal sheckhey qokeey chal qokeey qokaiin chedy al qokain cheeal qokaiin sheol qokear cheedy olcheey qokal qoka?y olkeedy qokeedy qokeedy saiin okaiin chedy qokeedy qolkeedy qolchedy qolteedy qokeedy qokal okaiin chear checkhy checkhdy tocthey cheor olol cheol tedy sheckhal sheeckhy cheal,1153,6:4,4
f83v,21.0,1,M,R,y,2,Biological (balneological),B,2,2,Sequence of characters or numbers,qokeed qokaiin sheolkain sheol olkeedy shedy char qokar cheolkain shckhey qokal cheor ols qol aiiin chckhedy sheol qokaiin shckhy lchey ol cheedy qokeedy qokain dalshal shldy lor shey otechd ar shedy qokaly chear shey qokar shedy qokain ollchy dsheol cheol shedy qokaiin cheeky lols qol shol cheedy qol oqo qokain olsheam ol cheal shedy chey tal shedal dalshdy qokaiin chedy qokal otal chedy qotals oychey qol qokal chedy qoty qol olain sheol qo qokal sheol shey opchey cthey olohy,1154,6:4,4
f84r,1.0,4,M,S,z,1,Biological (balneological),B,2,2,Sequence of characters or numbers,ololal or shekar ydy okedy loly doiir olshy otedy lkol okolshy otoly dshedy otaly,1157,6:4,4
f84r,13.0,1,M,S,z,1,Biological (balneological),B,2,2,Sequence of characters or numbers,kol chedy qokeey otedy dytedy okeedy olshed opshed ykshedy qotedy opoly tol or sheey chckhdy schckhy shedy otedy qol or ol eedy qokeey or oly qokeey shedy qokedy qokeedy qokedy chedy okain chey qokedy olardy tor shedytedy o'l ol cheol shedy shckhy qokal olkedy,1169,6:4,4
f84r,17.0,1,M,S,z,1,Biological (balneological),B,2,2,Sequence of characters or numbers,pchol cphol sol teol tedy qotedy qokeedy qokeey ol keedy teyqokedy qopor oly otchy olshedy qokedy shedy okedy shckhy chckhy olchey schey chckhy ral qokey sol yqokain qolkeey qotedy qokain shedy salchedy,1170,6:4,4
f84r,20.0,1,M,S,z,1,Biological (balneological),B,2,2,Sequence of characters or numbers,psholpchcfhdy qokeedy dy qokedy shckhedy qokaiin checthy checthy qokaiin chol okal chey okal chedy tor otshedy qokey shedy,1171,6:4,4
f84r,22.0,1,M,S,z,1,Biological (balneological),B,2,2,Sequence of characters or numbers,qotchsdy ykeedy qokal ol shedy qokedy qokeedy qokeedy chedy raiin chey otar sheor shcthy qokeor qotedy rshedy qolchey qol shedy ol dain ol or pol tar shedy qokedy okal shey qokar chckhy otchey qokchedy chey qokaiin pchedy qotchedy otaiiin chcthy shedy otedy qoty qotedy ol okedy otedy ram qotol shcthhy oty shcthy schdy qokeedy olkey,1172,6:4,4
f84r,27.0,1,M,S,z,1,Biological (balneological),B,2,2,Sequence of characters or numbers,palchd chedy shcthy olky opalkaiin qofchedy or aiiin ofoly oroly ol olaiin qol qor or ckhedy chkedy okain shedy qokolchedy olain qokeedy okeey olchedy qsolkeedy rar checkhy otar chedy olchcthy lor dchdy qokedy ol chckhy olchdy or ykeedy chetey rain shedy shekam ykchdar or arar shedy qokal shedy olkedy qokedy qoky chedy qotar ytedy tedy olkedy qotedy shckhy chtol tedy or oly shol tchdy tedy ykain shey cheol tedy ol kedy okedar ol keed ol ary dsheyteey sor ol shedy daraldy otedaiin shckhchy chckhy aryly qokal dain otey cheor air shckhy or air oro,1173,6:4,4
f84r,36.0,1,M,S,z,1,Biological (balneological),B,2,2,Sequence of characters or numbers,shey shey dain aiin shedy orol ykar okedy qoky chedy okedar chey alol qoteedy qokol otedy shedy qokeedy ol dam or olchdy lshedy qokchy dol otedy ytchor olky dshedy sheedy qokedy chedy teedy qokeedy qokeedy dkedy olshedy qokal shckhy olkeedy dsheedy oteedy qotar chekar orshedy saiin okaiin otchdy qokain shedy qokeey qotedy qokain otchedy skeey rcheky okeedy ykedy qotedy chcthy ol chcthy ar ory yteolchedy qokor shekedy okedy cthhy dam dchedy qokedy ar oror okedy okedy,1174,6:4,4
f84v,1.0,1,M,T,z,1,Biological (balneological),B,2,2,Sequence of characters or numbers,otdy chdy oram soiin okeeey sol okaly,1176,6:4,4
f84v,3.0,1,M,T,z,1,Biological (balneological),B,2,2,Sequence of characters or numbers,kor shedy otedy qotedy otedar cfhdarol qoteey chetain sheeky al qokeey oteedy shedy qokeed or okeedy ry ykeedy qoeedy olkeey sheky qokeey,1177,6:4,4
f84v,7.0,1,M,T,z,1,Biological (balneological),B,2,2,Sequence of characters or numbers,poiin ol kedy okedy qoky okchdy qokey qokedy okedy qokeedy okeedy shedy qoky ch'eol qolchey okeedy saiin okeedy chkeedy qoteed otedy sheedy qokeedy qoeedy okeedy dam ch'edy qoeedy ol cheey chckhedy dain dy qokees qokedy otedy shedy qokedy dol olkeedy dol teedam shedol chedy okedy otal chckhedy qotedy dokedy dol lkeey qokydy dshey olkeey dol ol otedy okedy okedy qokedy ol chedy sain qokshedy qokeed checthy okal ol kedy chedy dolkedy okedam soiiin ol chedy qol tedy shey qokedy qokey dol ol shedy qokedy qokeey chedy dol sheedy chedy okedy kchdy kol koldy dsheey qokeedy ykedy qokor shedy qoky dol shckhy qokain ol koldy solkes olokar sheky shkol qokar chdy tal shedy okar okedy shedy dy tolshy qoky qokedy shedy qoteedy,1178,6:4,4
f84v,21.0,1,M,T,z,1,Biological (balneological),B,2,2,Sequence of characters or numbers,pcholshedy shtol okedy opcholor kchdy ofched aiin cfheey ols oshey tedy okain shey qokedy kchdy okedy dy okedy olshdy qokeey olkaiin shedy cthy korol oror cheey okeedy olkain olchey saiin oly qokain okain olol okal chedy chedy ol qokar shdy qol otedy olchedy or shedy qolkeedy olchedy olkal shedy qokedy shedy dain sain shedy qokeey okedy oldy qokey ol keed qokedy qokey qokeoly chal otal chdy otal chckhor aly qokedy shey kal okedy yfchedy tedy lolor shedy qokey qokedy chey okeshy olchy qokain ol chedy alchey al or chdy dchey lchy shor ol okain shedy olshedy tol okeedy chedy okedy lol qokey sol kedy lkain shey shes ol shedy qokeey ror chckhy qokaiin shey dain qokeey okaiin qokal dys qokchey qokeedy okedy dolor ol chedy olol lshedy qol aiin olchey lchey olshedy shckhy soly yteedar olkeey olchey qokey lkeoldy olkedy ykaiin sor otes doltedy chedy,1179,6:4,4
f84v,42.0,0,M,T,z,1,Biological (balneological),B,2,2,Sequence of characters or numbers,okar ydairol ychckhy dshedy okchdy solchey dair oldy darchy yc'thy ochedy,1180,6:4,4
f85r,1.0,1,N,B,a,1,Text-only,B,2,3,Sequence of characters or numbers,pdsheody shdol shey otchdy dshedy soeeedy dchefoey sair shedy sodair shey yoiin cheey qocthdy otedy dol ar aiin okshd okchedy otedy chckhdy otam tarar otedy opcheey ykdair chy qotedy qokchdy otedy cheol saiin otedam odeedaiin qokechy chekchy olshedy qokeedy doltshdy otar otchdy ols tchedy kchedy qodaiin olkeedy oraiin olshedy okchy kedy tedy tdam roraiin shey pchey qokeey chor ol shedy,1190,6:4,4
f85r,1.0,1,N,B,a,1,Text-only,B,2,3,Sequence of characters or numbers,pchedy oraiin shefchdy qopar sheedy qokedy qotchedy kchdar ypchdy ldo chckhdy qotchdy opchsd qokchdy otchy qodal shdar oram tsheed lchey qokeshy dair shedar sheol qo ar chofchdy qotdcy ofar dair chotaiin cheod cheolkeedy,1191,6:3,3
f85r,1.0,1,N,B,a,1,Text-only,B,2,3,Sequence of characters or numbers,pdar ol shdair qopcheedy chdal chor shefshoro raiin dolor aiin opakam tdain okeody lchdy lkor oeeseary shedaiin oto dlar rsheodar qocthy kar okaiin ykeeeody qotal ol aiin ol daldy shody daror sheedy keody oteody ar aiin cheedy otaiin al odaiiin qokeeodaiin chey okaiin okal al dl sheokey cheokaiin ol keeo olky shoiin qokar okar cheey,1192,6:3,3
f85r,1.0,1,N,B,a,1,Text-only,B,2,3,Sequence of characters or numbers,polky shey olkedaiin shor cphedy dair shcphhy opchey shtor aiinsham olkeey otchey qokedy qodaiin chctahy checphey otshey qokshey schdy dam okchy okchdy otchedy dam lam,1193,6:3,3
f85r,1.0,1,N,B,a,1,Text-only,B,2,3,Sequence of characters or numbers,pcheo kshedy qocphdy qofol shdaldy dairar cheeteey otchedy qokchdy dy daiir cheody oraiin ol okaiin cheocthey olor otedy qotaiin chor chedy ydair tar chedy oraiin ychedy okedy,1194,6:3,3
f85r,1.0,1,N,B,a,1,Text-only,B,2,3,Sequence of characters or numbers,pchdaiin shodaiin shofshedy yteody ypar aiin chol dy qopar shetam tedair ykeedy dain cheedy qokar chedy okar sheekeey qokedy olchedy schedaiir oteody chcthdy qokaiin ykchedy,1195,6:3,3
f85r,1.0,1,N,B,a,1,Text-only,B,2,3,Sequence of characters or numbers,pchdair or shshdar qopchedy opchdy qofchdy aiin chcphdy or ychedy shetshdy qotar okedy qokal saiin ol karar odeeeg,1196,6:3,3
f85r,1.0,1,N,B,a,1,Text-only,B,2,3,Sequence of characters or numbers,kchedar yteol okchdy qekedy odor ar chedy otechdy cphedy oees aiin ol keeody or cheey qokchdy qotol okar otar otchy okam dorchdy oraiin okeder chcthy okedy chdy chdy otal otchdy otalom,1197,6:3,3
f85r,1.0,1,N,B,a,1,Text-only,B,2,3,Sequence of characters or numbers,podaiin shdar ypchdar ypchdy qopol keshar dchdal chol air ytor chol shdy tody qotchdy otchol chees or eeodaiin or aral olkam raraiiin shey osaiin otar ytar otedy or aiin otar olar olkeedy ysheedy ksheey qokor or chod lkchedy qotody qokar shty otarar ar chedar olpchdy otchedy,1198,6:3,3
f85r,2.0,4,N,C,a,1,Cosmological,B,2,3,Sequence of characters or numbers,odeedy otedy opaees ar chcthy otchdy otody otar chepaiin otodar otodaiin opaiin otaiin qopchas otchedy olkaiin odar aloees otchedy qotedaiin odar octhody shedaiin olaiin olfor ol lkechch aiin oteedy otees opaiin chcphdar,1199,6:3,3
f85r,2.0,1,N,C,a,1,Cosmological,B,2,3,Sequence of characters or numbers,sain or or aiin opchdy qotor sheedy shodaiin olfar ary dair sheo oraiin chol ockhdar olkar shoral roseer,1200,6:3,3
f85r,2.0,1,N,C,a,1,Cosmological,B,2,3,Sequence of characters or numbers,pchedeey olkey qokedy sheos fcheey otchedy chotey qocthey ol oloqorain qotaiin tchedy otedy qotchdy chckhey ytchedy qodar qotedar qokar qotchd qotom soiis aiin shedaiin chokcom,1201,6:3,3
f85r,2.0,1,N,C,a,1,Cosmological,B,2,3,Sequence of characters or numbers,otchs shedor chey sorain or shedy tedy sodaiiin chy ytedar chzs aiin arody ypshedy chedy or qodaiin odain an chey orar oldar ain,1202,6:1,1
f85r,2.0,1,N,C,a,1,Cosmological,B,2,3,Sequence of characters or numbers,okees olaiin qokal chdy sary qokshedy qodain chckhy ykeedy chedy or aiin ckheda or ain olchey qokal shedy qokeody qoekedy dody shedy qodaiin los ar shedy qokshey qose?y or aiin og ol lcheol chol ol sheoly,1203,6:3,3
f85r,2.0,4,N,C,a,1,Cosmological,B,2,3,Sequence of characters or numbers,okees ochar otedor ochedy otody olchedy oteedo ar or airol otees ar aram,1204,6:3,3
fRos,,4,N,D,a,1,Cosmological,B,4,3,Sequence of characters or numbers,saeeasa? ofain ain ych ?ais ydekam darchedy otochedy sy soeedoy olal dchor orary sairojam okchdarar soiindy ytedar ddsschx daldar ofardy orarol daldal daraldy oko daiiny docfhhy okedy okary opain opar adairy dxar okory opokchosody adashgasain cfair oolchy okody opoor daly okas oedady osal cpeey okor sarchcphdy otchdy otoldy ofchedaiin otedal opaiin otchdy okchy chkeedy opairar odee?y okody depcheky otch osy odl dy oteedy opy odal shdy opchees opar daral otdodar oedy soshxor arar otedain otedy ytedar ary opchedaiin ols ypal opydsh rshy olz dtedg opy ofdaj ddary otody dairdy rody ofary okady okchdy kary oraiin eey opodchdal darchdy okaramal opchdy ofdoram oda ofchdar otedam lokedshs otodar otedaiin okedy xoltedy opchdam otedy oporam otchdy otody chdain otedy opai'hefchdy odaiin or aiird oteoly ofodady opdady otodey otodedy opchdain otdar shed ofaraiin okolar okchdy ykedy oteedy otosaiin otchdam otedy okar lashalg oalda osaram oparodam dor oky roo ardas chdy oparod shckhdy tshda opchd opchdy qokal shet? opchsy che?ky,1205,6:3,3
fRos,,4,N,D,a,1,Cosmological,B,4,3,Sequence of characters or numbers,oto tosaes adar otar otes okaiin al chdar otdar chefchs okor ol om olkeeodaiin shol okal orshees qoeey okalol otodr ochs ar ol oqokam oteed oteedy okedy lraiin or aiin okor okeedy,1206,6:3,3
fRos,,4,N,D,a,1,Cosmological,B,4,3,Sequence of characters or numbers,sais od ar or okal okal or alal ykal ol ar ol al ol al lor okan okod oked okeo ldy opashs otedy chedchs sheekedy odal shd olkeedy yky kaiir okchdy ar yaiin aiir oeal okchdy olyokain olkaiin ody,1224,6:3,3
fRos,,4,N,D,a,1,Cosmological,B,4,3,Sequence of characters or numbers,okos cpor air oteoteedy otos otedar okodainol ykedy eedor tchdaiin sy sarald todar chkar odair or oal okchdy seedy oteedy ykchda aiin okees olar or ykeedy okeo lodaiin or olaiiin olar,1239,6:3,3
fRos,,0,N,D,a,1,Cosmological,B,4,3,Sequence of characters or numbers,o?ochs octhey osar aram arkeeody ochdor ol oekairy ytodaro opalshy or arodar ykodar ykodar ykary opalxy,1240,6:2,2
fRos,,1,N,D,a,1,Cosmological,B,4,3,Sequence of characters or numbers,kechy qolchedar ar otedy chdaiin oty,1243,6:3,3
fRos,,4,N,D,a,1,Cosmological,B,4,3,Sequence of characters or numbers,osar otar otodeedy oty sheor oar otedy qotedy otoraiin chekad?r ol aiin okedal olor opoiiral eeealky ytar qokeo tched oteedaiin odal otchdor or olkoaiin okal laiin,1250,6:3,3
fRos,,4,N,D,a,1,Cosmological,B,4,3,Sequence of characters or numbers,om araiin okeody okar odsheedy odaiin okchdy okar shor okaiin ofair oly olkair odal olkalor olors esha olar oteedaiin otes ar yqos aiiin ol qotody ol oir or oroa oteeedy okal okodar otshe okody otedy chdar o',1265,6:3,3
fRos,,4,N,D,a,1,Cosmological,B,4,3,Sequence of characters or numbers,yke okees olchedy okal dol otodar shekalolkar cheykar shal qokal okchr otar otody otody otody otas chfol okshy okem okar ar okedy okedy okchedy eeekchedy ofchdor qotchdy kar chdar chekolkoiph,1290,6:3,3
fRos,,4,N,D,a,1,Cosmological,B,4,3,Sequence of characters or numbers,otchdaiin otodar otedar otar odaiin olkaiin otl xasashe ol ar aikhe chedaiin ockhedy sheda otody okedal or aiin otody toor chepar ol chckhy opchdar al xar opor olchedy okalm or afalairidy,1297,6:3,3
fRos,,4,N,D,a,1,Cosmological,B,4,3,Sequence of characters or numbers,okedar okody okair chedy opar ol keeedy ar olkchedy otedaiin olky or aiin ody osain xdar odaiin okedal ol ar oekaiin al saldan oteedy otchdaiin otedy otar aiin yky odaiin okal okalar,1325,6:3,3
fRos,,4,N,D,a,1,Cosmological,B,4,3,Sequence of characters or numbers,ok ar ar okary otodeed odar chekaiin oees ??? okees oiir odaiin okalol aiiin okal ol otar chchdam chetey otodches oteesey chckhy otody otal chedal opal olkar okedaiin oror,1336,6:3,3
fRos,,1,N,D,a,1,Cosmological,B,4,3,Sequence of characters or numbers,otam opchody ?opar chepchey oteedy olaiin osshy,1340,6:3,3
fRos,,1,N,D,a,1,Cosmological,B,4,3,Sequence of characters or numbers,tol ofar chefaiin ol okchy qokedy qokedy tol teoor chekor,1341,6:4,4
fRos,,1,N,D,a,1,Cosmological,B,4,3,Sequence of characters or numbers,okar olchety ok?dy qokcho chfady oro okeechy sheeo tolfchd saiir shodaiin,1342,6:2,2
f86v,4.0,4,N,N,z,1,Cosmological,B,2,3,Sequence of characters or numbers,opos sheody pch???ar odsheo qody cheepchdy lpchedy olkar shdar dchdor qopcher eeedar odaiin pcheodar chdair orarorchy shar opchsey otedy chcphhy chedy sarshed odar sheey scheor al cheefar shetchy qoteol shar qoteshy do??? ofor arar dl,1358,6:3,3
f86v,4.0,4,N,N,z,1,Cosmological,B,2,3,Sequence of characters or numbers,oeeey otedaiin otedy chedaiin octhedy chy shedaiin chotaiin oraiin otodeee? ar yteeody oteedaraiin shedaiin chdar shedy qotedaiin chedy tchdy chetdy chedy qotar chedy chckhy otedy seeedy yteey sam,1359,6:3,3
f86v,4.0,4,N,N,z,1,Cosmological,B,2,3,Sequence of characters or numbers,tchey dair alody shes qeeor or odarchdy chdy orcheos ain or oteed chedees oteedy qoty otedy shedy otedy shd shy schdy chdeedy dodar or orchedy qotchdy dchdes ar sheody opcho fcheom,1360,6:3,3
f86v,4.0,4,N,N,z,1,Cosmological,B,2,3,Sequence of characters or numbers,pchedar ar ocpor otees oes aiir olkeor ain desy doeedey opchedy shedaiin otedy dain otey dam otedy chocthy dtedair chody sheos otedos qokechy pchdeedy dan ol dol oty sho pol otoldyl,1361,6:4,4
f86v,4.0,1,N,N,z,1,Cosmological,B,2,3,Sequence of characters or numbers,pcheodar oedy qokeol qoeoloqokeol ol olair ycheoltar ol ol sheey qokey or aiin sheeor al ol sheey qockheey tol sh or aiin ol keeod lcheody okedy qokeody qoain a? ol keedy otar olshedy aiin okal cheockhy shocthhy oleey ol yy,1362,6:2,2
f86v,6.0,1,N,O,z,1,Text-only,B,2,3,Sequence of characters or numbers,pcheypchdar oporchy aiin ofy chedy otedalol orairody qotchdaiin qopy ochody chol chey qotchdy kchdy qopchd chpchy qopchy qoky chedy qokol lray qolchy olkeedy chdal chedy chor ar arody qokchdy chdal okar chdy otaiin dshor shdy shor ol aiin olkeedy shdal oteor chdar karchees olkar dalam tar lol chol olkar chear or otshey qokar opchey taiky qotar sheol keear or chedy ar sheeeb qotain odaiin olkeshar qokar or qokaiin lchedor or aiin ol or olkal or shedy qokal ar archey dy ykaiin odaiin chal sair ytar chody ldaly chdal ykchedy ltchedy dshor ykaiin sheey qokol cheol otar ar aiiin qoteeos aiin sarar ykaiin soldam sheol qckhy dalor olaiin olkaiin qodar oy qokaiin olkeey qokeor or cheeaiin yteedy qoko lchdol or chcphar ar ykeealor qokal otar ykairolky,1363,6:3,3
f86v,6.0,1,N,O,z,1,Text-only,B,2,3,Sequence of characters or numbers,cholchy qopaiin yfchdy cpholkaiin cholfchy qopar aroiiin opchedy opoly ykchy cholkaiin chey ykeedy okal or chcfhy lkey okar ol ain shol shotaiin shckhor olaiin chdy qokain odaiiin cheor ol kaiin chey taiin okaiin qokaiin otain chey okam qokar qokain okaiin par or aiin aiiin qckhear shoifhy qotedy opchdy olain ar alkar ytaiin ytair dalol ytal aiiin chol olkchey lkar otal qotardam pol sheopchey pchecfhey or aiiin qokaiin cholkar,1364,6:3,3
f86v,6.0,1,N,O,z,1,Text-only,B,2,3,Sequence of characters or numbers,pdaiiiy podaiin ocphey opchor olkshed qofod opdaiin odar dairody oreeey lkeeor olteody tar otyteeodaiin yty sheey tar ar ody lshechy tshy qokeedy kain ytaiin chees tairoar qotar taikhy amom qokar olkedy chedy qokar opchedy ykar ar dair ain ol keodar chey keody choty ody qokeedy pchedy ytshy tody tchedy qokar oly yteedy qokar olkar qodar ykaiin or okeeeey ofchedy qokaiin araram saiin shor shekaiin chedy cholkeog qokchy orchcthy olteedydar otar aim alshdr lkar kshd shdar shedy qody sheey qotedy olkeey qokchdy ramshy qokaiin qokar okar qotar lor qokchdy shey tshedy qotol dytshy dy dchedy chcthdy shol oky ytaiin ykaiin chedy dy shdaiin,1365,6:3,3
f86v,6.0,1,N,O,z,1,Text-only,B,2,3,Sequence of characters or numbers,polkeey tshed qopchey paroiin chefchy qopar qopchedy qopydaiin qopary dair chepy qokaiin olkar olkchdy okar al olkchey otytam orom qokeey qoeear chsey oky qokar or chey qotar ol kchedy qokaiin olkaiin ydy lkchedy okeeeykeey dl ld lo sheey qokshey taiin soraiin ar shey qoteody or aiiin oeey ldaiiin or oro ol kaiiin aiin otar cheody qotaiin qokaiin ol tey qokaiin okar ol dairal qokar chol tal cthdy qokeey lkaiin olkaiin araiin lshar okar qoeedy qotar otal olky qokal ol kaiin octhear lo poiin otal kal toror olaiin okeockhey olkeey qoedy lkaiin oltam aiin qokain qoky lkor oraiin cheoty qotaiin olkam ar qotal tshdy otar shcthdy qokol chotal kar ol kar alky qokaiin octhy oltchey qotal lkalol sheol qotaiin ytain ytody otaiin qokain otal otal lt al lkar chdy qotol qokain qokaiin choty ytaiin chokain chocthy chy taiin okaiin okan shor qoky chorolk chokaiin qoal kaiin qoaiin or aiiin ykedy paiin otar otolkshy qokshey ar otalky chear aiodam,1366,6:3,3
f86v,5.0,1,N,P,z,1,Text-only,B,2,3,Sequence of characters or numbers,pshdal choky sheody lfchy fyshey qoty opy ypar raiin ytor aiin opy losair yteody qokar shy qokar shor qopchol tal ol ytol otam otam shedy chdy qokar okeeey sheokaiin cheoky oteeodail otaiin otain ypchesy oky sheeey qoty qotaiin sail chepy ltedy olkar or otshey otal olkey chcthody ytar ar okary olkeedy shety ytar ytaiin shdam araiiin ytaiin,1367,6:3,3
f86v,5.0,1,N,P,z,1,Text-only,B,2,3,Sequence of characters or numbers,pdaiin qoteedy opchey qopor kshdy qopcheey shdar fchcfhy octhal shckhy otshey opor shey tor ar otar aiin chdy tarcheeg lkaiiin otain al ykain chaiin tal ykaiin otal ar alkam ykar olkal kar shedy shor qokar chor or ykaiin otam ytam taral okar octhey kaiin ytal chey otal aiiin olkam,1368,6:3,3
f86v,5.0,1,N,P,z,1,Text-only,B,2,3,Sequence of characters or numbers,poraiiidy otshs al ar shey tair sheody qopchesy lfar air amod shar otam ytaiin otal teody cthy or aiin otar aiiin qoar aiiin al ody ar aiin qokeeey cheey qotaiin ykar acthy ykar ar alody or eees aiin okar qokaiin ykar ar ol chsky dcheytain qoka ykalkain ykar al kaiin dalkalytam ockhedy ched taiin ykaiin qotal yshey otaiin olkam,1369,6:3,3
f86v,5.0,1,N,P,z,1,Text-only,B,2,3,Sequence of characters or numbers,poldaiin shea teraiin otcho lkaiin al ody qotar ytedy ycheeytydaiin ykeeo chey shckhy shoky oty oty otain olkchdy ychor ar aiin ytaly otaiin ykaiin otal ytar aiin ytaiiil oar ar aiin okaiin yteey ytaiin qokees aiin yteey qotey lkey ykaiin ykal chod aiin oeey teodkaiin otodaiin okain ykaiin or aiin chokar sheol qokar cheey or aiin ody oar aiin ykain okal kchody chckhy otaiin olkar otaiin sair kain ar alosheey qoeey lkesy,1370,6:3,3
f86v,5.0,1,N,P,z,1,Text-only,B,2,3,Sequence of characters or numbers,pochor aiir shoar pshody shody qopchy ocfhdy olpshy dam shey pchor ypchor aiin otar shody pchykar ytar odar oeees aral om odaiin al kar ar or ytdar qokeeey teo dy tey tar a? ytarar ysheoar qoteody qokar shody qokal tchey ytchy tal tar odaiin otchees chey chodaiin shedy otal kchol shy olkeeeary tol kaiin ytchdy chol ytedy ytain qodaiin ytody ykeshy ar dshey ytchy dy qotal shdy or aiin chody chey ol teody aiin qokeey ol kaiin ol kain olkeedy qopcheey oty otam ol tey choaiin ysheedy ychedy ytaiin otam aiin ychey or aiin ytair ytaim otal shod qokchy qoody aim shody qoty chody ytody olkey otoloty oltal oky dam dchol chedy qotain otaiin ol cheody olkeeody oreeeg sol odaiin ykeeshy ytchey lchody ykar shey ytaiin yteody chedy qoteey octhy dy,1371,6:3,3
f86v,3.0,1,N,Q,z,1,Cosmological,B,2,3,Sequence of characters or numbers,tchedy qokeedy qoedy qopchy raiin olpchey qokaiin rain ychedy qoeeey otair cheody ytain qy kaiin taiin ytaiin ytaiin ytaiin or ar ytas ykaiin qoeedy qar aiin yteeey ar aiin ar ych'eey qotaiin chdy ypch'eor ytain otain ytam daiinls aiin chcthy ykaiin ykaiin chdar ar aiin sain ytaiin ytapy odeeey dair ytam sor aiin otey otair,1372,6:3,3
f86v,3.0,1,N,Q,z,1,Cosmological,B,2,3,Sequence of characters or numbers,tchol olkey cfhy aiin opchedy okchedy or acheody shol shedy yteey dady ychey olkeeey qotchedy qokeey qotchedar sheedy qokaiin qokedy ykaiin qotaiior tcheod yteeody chdy chedos shedy cheos ols aiir sheey yteech'eey oteeodam yteedy daim choaiin checkhy c'ykeeeochy tcheey otodaiin opaiin otchey otam osheey orsheey tcheody qokain qodaiin olkar chedaiin chedy qokady cholkain ar aiin shodain shor chalkar shekshol okchor,1373,6:3,3
f86v,3.0,1,N,Q,z,1,Cosmological,B,2,3,Sequence of characters or numbers,tshdch'ey dalkshdy shocfhy saiin or airodychedaly dcheody skeeody qokshey cheodain ykchedsar aldy dsheody qokchey or odaiin,1374,6:3,3
f86v,3.0,1,N,Q,z,1,Cosmological,B,2,3,Sequence of characters or numbers,pchedaiin dchedy qokchdy qopchol sholsheody solkam dchey otain olkechy qokam chol kchdy chol tchdy aiindy lshodair ykcho chody ykeeody qochey chckhey lkar ary dshedy kshey tchdy shdy ralkchedy ytchol qoty okshy tam ytchdy sholor alor,1375,6:3,3
f86v,3.0,1,N,Q,z,1,Cosmological,B,2,3,Sequence of characters or numbers,tshedal ypchey shdy qopcheeody opchdy olfchey ypchey qotaiin dshedy qokeey qotee? shedy qokaiin chdy otar otaiin ykaiin qodaiin ochedy qotchey qoky chdy oteedy qoty shor yteey oteedy shedaiin sheey otaiin ytaiin otodar aiin teeos aiin yteey qoteey otchey qoteeody cheeor cheedaiin ycheeody daiis qoedy olteey,1376,6:3,3
f86v,3.0,1,N,Q,z,1,Cosmological,B,2,3,Sequence of characters or numbers,toeeedchy okchey qokchedy shedy ytcheodar ytchey yteey chdal or cheey cheokaii tchedy chy tchey otchedy qokal oeedy lkam oees aiiin yteeedy chedy qotaiin cheody ytchey otaiin kshd qotar chear or yteeo dy chedy qokal yteey qokar dcheey teeody oty otchedy daiiraii ykeeedy qoteey qodaiin okeeey,1377,6:3,3
f87r,1.0,1,O,A,a,1,Herbal,A,1,4,Sequence of characters or numbers,poalshsal shocphor ypcho cpheo saiin oteodal saiin dcheeckhos chety cthodal yteodam cphecthy syty tchor oteedy cthhody keos sheekchey saiidy soraiin qockhos cheodor ckheokey chcthody odar ctheey ckheckhy cthody chor al chor tos she keodaiin pcheos sheo so shkeody soraiin teeodal cho keeody shy koo sols chekol solsheor ysaiin chor cheory kchody sor shocthey oteody dchol saraiin sho cthos cheodal ctheody qoty,1378,6:1,1
f87r,11.0,1,O,A,a,1,Herbal,A,1,4,Sequence of characters or numbers,psheodshy shee saldal shol aldy ysheeer chetchy teodar otcheol tockhy keor ckheey shody qoeeeety chody shol cthey okeol cheor okeeo daiim shos cheol cheos ckhey saiin q'ockheo ldaiin yteeor cheol dcheeol,1379,6:2,2
f87v,1.0,1,O,B,a,1,Herbal,A,1,4,Sequence of characters or numbers,cheey cpheodar shody dcheody todor oeeepchodyoldar schey ctheey qocthsy sdcheoky cth cheockhy cthyyteeor ctos dcheecthey cthosyykeeor oky ycheey keeo salckhyeoiin scheom dcheos shey solchiydoteos cthey qotechoep cheos ctheyqokeod qokeog shoeey cthey qo cthodolyteodaiin sheol techol qoscheody,1380,6:2,2
f87v,10.0,1,O,B,a,1,Herbal,A,1,4,Sequence of characters or numbers,opcheey cthhy cpheckhycheo chepcheol kchor ol cheeol qok odallseeey keodam ytcheoqo chos ckheos cheoys cheol dain ksheol qoar cfhs ykaiinsaral aiim san ainy keol dair oldain atolg yksho qosarolor oral daraiing saiin olcthr,1381,6:2,2
f88r,1.0,0,O,C,b,2,Pharmaceutical,A,1,4,Sequence of characters or numbers,otorchety osal orald oldar otoky otaly otaldy oram dary sorory otyda ofyskydal ofaldo,1382,6:1,1
f88r,7.0,1,O,C,b,2,Pharmaceutical,A,1,4,Sequence of characters or numbers,dorsheoy ctheol qockhey dory sheor sholfchor chcthol ral sheom keol chear shekor qokor aiin oky sam oain or om otam okeom cheeor qokeody or om cheody qokeol cheol saiin cheos cheol doleeey or cheom cheojam yokeody cheom qoor cheeb ykeor shy sam,1388,6:2,2
f88r,18.0,1,O,C,b,2,Pharmaceutical,A,1,4,Sequence of characters or numbers,koaiphhy cphol orchor pcheoly otchol oldy salsaly dchey chokol qoekol qoekol qockhol cheol dsheol qokeey chy aiin chor oteor aiin chosals teol chor olsheody qokeol shoikhy ol sheeol sheoldg ychey okaiin chol cheor ol chorcholsal,1395,6:2,2
f88r,26.0,1,O,C,b,2,Pharmaceutical,A,1,4,Sequence of characters or numbers,poeear sheoky olkeey cthol poldy sokoldy qokol chol qokol qokol chol cheey or aiin oldal ykar cheol chol chey ckhey or shear ar alsy kor chey qokol cheol chody qokol kchor chol ykeeey cheor cheotey cheol qokeor chetchy ofal chear chol dol qoekeor cheom,1399,6:2,2
f88v,1.0,0,O,D,b,2,Pharmaceutical,A,1,4,Sequence of characters or numbers,okalyd cheocthy cpheor otar arody otokol otoram otora cheosdy okaiin daramdal otydary otdordy dararda?,1400,6:2,2
f88v,6.0,1,O,D,b,2,Pharmaceutical,A,1,4,Sequence of characters or numbers,teodal lkeo cheor roshckhy sorshyaiin cheokal saldaiin dshor shor qokeody qokeo lchey chkeor qokeey qokeom qoaiin cheoy olcheody qoekeol cho chckhy qoeey key cheokam choeey keeod aiin chody okearcheol archeey sairal cheorol chekol daraly,1405,6:2,2
f88v,15.0,1,O,D,b,2,Pharmaceutical,A,1,4,Sequence of characters or numbers,kosholdy qotody opykey oldaiin qoteody yfolaiin oraiin ysheod sheo sheody qokeody qoky chees cheody qokeody qokeey qokeody chor oteody qockhol cheedy qokody ykeeor chockhy cheeol cheody qotody soteol chotam odaiin sheo ol qokeey olaiin cheody chocthey oteody dy sqokeodaiin cheody cheockhy chody,1410,6:1,1
f88v,21.0,1,O,D,b,2,Pharmaceutical,A,1,4,Sequence of characters or numbers,toairch'y oteeody cpheody ykchey dam cheor chaly korain dairodain ykeodain dain shedy qoteo lchdy qokeo ain tol keeodaiin qoky sheol chees aiin chokar daimd sheor sheedy shoikhy qokeody doikhy dair sheor tos checkhy dain cheos cheockhy saldy saiin choky cheor shy,1411,6:2,2
f89r,1.0,0,O,F,y,2,Pharmaceutical,A,1,4,Sequence of characters or numbers,okchshy qkol oldam otoldy ararchodaiin ykyd chol otorain okaiin dan ykocfhy saldam sydarary ydcpody odory doly opchosam saloiinsheol opcheor otold shol dy opchoroiin korainy sodar cheys cheody oporain okshdchos okain yorain ofakal otalsy ytarem otolarol,1416,6:2,2
f89r,1.0,1,O,F,y,2,Pharmaceutical,A,1,4,Sequence of characters or numbers,qoar shar qopcholy qokod chepy sheey okor sheeos oldain dshody qocthy chockhy chedy qokeody daldaiin chodaiin qokeol chol qodaiin chol cheody qokechy ctheody dam yshor soiiin qokeey ckhol qokain cheamy tdain schol cheoky cheody qokar chor ckhhy,1421,6:2,2
f89r,1.0,1,O,F,y,2,Pharmaceutical,A,1,4,Sequence of characters or numbers,tcheol qoeair sheol qocphey saiin cheocphey darolg om sheey qokey dalchom chckhhhy chol cheos aiin dy qeaiin cheyl seey qotey qokeeol ykhedy dam dals al cheody dainaldy al daldal,1426,6:2,2
f89r,1.0,1,O,F,y,2,Pharmaceutical,A,1,4,Sequence of characters or numbers,pshol sheo qoaithy cheocphy sheyr qokair ydam daly daim cheom qoaithy air cheody ldain chom chtaii taiin dam shoety qokchy ykchdy otcham ol sshr aiin ycheeo sheol qockhedy yty sheody qotol chead chey dain oteos cheody cheodain chodaiin,1427,6:2,2
f89r,2.0,1,O,G,y,2,Pharmaceutical,A,1,4,Sequence of characters or numbers,qokcheody cheodal dair cholkeedy qokedy cheal cheo qoaiis shey cpheeedol deey qockhey chaldy daim chos aiin cheodal chy chedain dolchsyckheol chody cheedy tchodol chor choldy chos dol okcheeg tol daiinody qokeey cheoldy qody cheor sain oky cheody cheoky,1437,6:2,2
f89r,2.0,1,O,G,y,2,Pharmaceutical,A,1,4,Sequence of characters or numbers,porachol yody qoteol oldaiin sheor shor oldaiin otchol cheol otolpchy cho lkeopol oeeor or olkey okeol okeeol qoor ol chor chol chol cheol koldam olcheol dol cheol tos ol chor ydaiin chey oiiin chckhy qokeol okeey caeky qokol okeey cheeody oeckhy ycheo keeo ckho saiin okeo ockhy ockhey saiin chchky,1441,6:2,2
f89r,2.0,1,O,G,y,2,Pharmaceutical,A,1,4,Sequence of characters or numbers,kolches sheol qokeoefy sheey opcheor opcheol shody sholdy qokal chey oldy sheodal ytoldy cheok keol dair qokeey okeol ykeody okeeey as cheey okeol cheo yokeeol cheol qokeey qokeol chey cheokor okeey ky qokeol cheey qokeey saiin oteos sheol aiin qocheey daiiin qokeeyl qokeody chol cheol ykeo qo qol cheo loiiin doigom scheor sy sorcheey dol cheor cheey qokeey ycheary okeey keeokechy cthey dy qokol cheor okoiin okeoy qoeey cheor cheey qokeol cheal aiin ocheol soiiin dair chey ain ar ain ol qoaiin ol chkaiin okar dair y?dair,1448,6:2,2
f89v,2.0,0,O,I,y,2,Pharmaceutical,A,1,4,Sequence of characters or numbers,choeesy okam darcheor chokaro sheol chokam otory otair chody dykaran opcheedey opaloiiry otaram chtchy sada? daseky okoraldy otoikhy otchar darshody koeeorain otorshos opol olaiin opaldaiin,1455,6:3,3
f89v,2.0,1,O,I,y,2,Pharmaceutical,A,1,4,Sequence of characters or numbers,kosar sheol aiin koiin chtodaiin pdiin choty qofoiin dy qopdal doiir ofaiin ol cfheol dam dain ykodaiir okor chear otees eeckhy aiin ckhey otaiin okar dain ol chor ychey okeey qoeol chor chos cheos qol eeey chody cheor chey qoaiin chody dair or cheol chom qol cheo lcho or cheo chkam,1461,6:2,2
f89v,2.0,1,O,I,y,2,Pharmaceutical,A,1,4,Sequence of characters or numbers,sor oairar sheety chodor kory oeear eais sheotain ytodaiin cthos okaiir okeos siin ykeody okal dosal ch'eo qokeeol chey sair dam chy for opodaiin dam sasy qodam yteos aiin yokor chor cthy chos chey aiin choeeer okar chcthy darai?s,1466,6:2,2
f89v,2.0,1,O,I,y,2,Pharmaceutical,A,1,4,Sequence of characters or numbers,toar qokeeody doef shey dair olsheos psheoepoain qekor okeor sheey daldaiin dol dair chey okaiin shy odor sheos aiin daikeody qokorar sheody qoko ltcheody otal qockhy qokal okeoy chockh odaiin ykeody okols sheey keeody qokos okeom ockhody ykam chty chy cthey dair air chool loy dair cheo,1467,6:2,2
f89v,1.0,1,O,J,y,2,Pharmaceutical,A,1,4,Sequence of characters or numbers,koldal sfal cfhey ofcheol opolsy qopol oldaiin octhody dor sheey qokol cheol cthody qockhy dain yteey otar cthol qokey cheey ctho dy qoor shear ol chor chearory shockhey orarol cheoky qoy chodair choky otarokar tochho cthor chekaiin aiin ol cheokchey qokoiiin du tor sheor cheeor cthey qokol chekal dals chear qotam osheokaiin ain ol shodain qokar ain chekal qokar odaiin,1477,6:2,2
f89v,1.0,1,O,J,y,2,Pharmaceutical,A,1,4,Sequence of characters or numbers,tosheo fcheody shekey or shos oiir cphey qokeody cheody daldy odal shoky chody okoaiin chdy daldaldy dcheocy cthol daldy okeor ytey keor cheyty ochy qokaiin ykchol qockhy okaldy okal chodar okaiin dalg shol ykol daram sholckhy dolchey dalshdy okeol dalchy qokol sheol qokol chol dam qoeey saiin ols chokaiin ckhy qotchy ycheo cthody olkaycthy sol chey okchol sair okal choldy,1478,6:2,2
f90r,1.0,1,O,L,z,1,Herbal,A,1,4,Sequence of characters or numbers,poleeol qokeol qokchod choly cthog yshol tor sheor qotchor qoky darala dair shkeea sary okar ykorshy lkaldy talchor chodaiin chocfhor qokchor chockhyokchod qofchol ytor ckhy lpychol sho ol okachey sheom kchol dchy dasady tol otchol shorydar qokeos okeoschso chol ytod qokeos dolshy chos qocthy qokcha shko qokol chofy ykeody qokod kor sheol qodar oko qokeey qodar qokeed choky ykodar qoekchy shokol okam,1483,6:2,2
f90r,2.0,1,O,M,z,1,Herbal,A,1,4,Sequence of characters or numbers,toealchs shakol sheo qoekeeysoeeol qoteody saiin ckheo saiin qockhey ykeeodys cheey chos ckhs dsheeos qokeod qokeo chol ol okalsaiin ctheo ar al oin cheo ro sokeey qokeeasal aral oyr ychor ckhor qoeeor okaiin domolcheo rodaiin qokor okoiin,1484,6:2,2
f90v,2.0,1,O,O,z,1,Herbal,A,1,4,Sequence of characters or numbers,chdaihy qocfhey opolraiin ofchedal s?shese shodaiin sheas podchey ctheod ikheeos cheey oisqokchas oin sam saiin sheom sheey keeos ol cheeor chyshy tchody okeeom tchos saiin okeeey,1485,6:2,2
f90v,2.0,1,O,O,z,1,Herbal,A,1,4,Sequence of characters or numbers,tcheody cpheal qoar cheol chos ololsdshcheal sheol qodar sheol shey qokeey qokeol cheody sykeeol chody shey sheeyl sheol sheody tol sheoctyoteey chodar chog teeas qkeody qokchy oteeol,1486,6:2,2
f90v,1.0,1,O,P,z,1,Herbal,A,1,4,Sequence of characters or numbers,pcheor chodar oleees chepy sholshckheootol sheycheo cheokeey tshor olsheod qodaiin qokeor syoraiinykeeoloctheody cthhhy shody cfheos qockhy chol olsalssolyteey or cheey tey kos sheor chockhor qekeody cheodysysolcheey cthhy qoky dcheey keeey cthey ytyokeeodysyolcheey sh qokeys shctheo ror sheol ol kaiin,1487,6:2,2
f90v,1.0,1,O,P,z,1,Herbal,A,1,4,Sequence of characters or numbers,ksheodal sheody qocheotoshokol qokeshsyteody podaihey okeeey cheo qotecheor cthodaim scheol chor okeam sheor ol qokeeoky okeeol okeeodaiin ytolsor asiin aiin ykeeor cheos qkhey cheos okechodoeey keeos aiiin deeocthey keeeol sheol c'tsheol,1488,6:2,2
f93r,1.0,1,Q,A,a,1,Herbal,A,1,4,Sequence of characters or numbers,kodshol otolsheeos octhodaly opalepam oepchksheey qotodain oar ycham chol chotom cthodar sheo oteodal sofchoshy cthoshol dsho dalody ytchchy dam chody olschodchy qotchd sol shotol qokchodal shody chotol sotol ytchdg ol chody cfhol dol qokol otodarchodain tar cho chol sheoees shor shol ody cheodaiin lor sheeody chodaiin odar shodam okcheody cthoctho'l ychos chey keol cheol ckhody okeol odam sheo al qokor shey okcheor sheodom shodaiin qotchy kchol ychey ckhos okcheod chr ochol shodal dol cheodam choshy qokor chckhs tcheo cholchecthody olkees shodaiin shody tchor shol sheoky ychockhy cthol osos dol shol shcthy kchor cthy chakal oain okor shody teols ychocthy chotey teey ysaiin chotar shody ocheodaiin tchos sor qokor cheo los ckheody ychor odol chodaiin dain ckcho ctho cthosg shodaiin qokcho cthol ol chol cthol olchod dol chokal schos,1489,6:2,2
f93v,1.0,1,Q,B,a,1,Herbal,A,1,4,Sequence of characters or numbers,possheody qoteeo qoshocphy opchody oporopchyotchdal or shodaiin yteeody qotody qotchol qocthody yteyokydaiindar cthog dchos chody qockhol oky cheodaiin otydaiinotaldair sol shol shdchy qokchol qokchody cholcholctyykchy tshoky cthody qotchol ckhol dchog solo oteo? chodaiindy ytch?l ckhol qochocthy ctho chkeey cthody sdar sheyokam oees ckheody qkcheey koldy tchodaiin ctheosshodain qokeeam dcho chody teol sheol cheeoldair okchey ctheydsheog okeey dama odeeeodl cheodar oksho chody okchey cthol olyytcholsardar ychol chs ckhy cheeol,1490,6:2,2
f94r,1.0,1,Q,C,b,2,Herbal,B,3,5,Sequence of characters or numbers,tchedy opaiir chedaiin dsheedy qopchedal keodaiin otalaiin oar dor cheody okaiin odor okal okair oky daiir qotar okar olaiin todal cholky qokal shdy qoky otody qokolchey qokair opary shor olkeedy ol kchdy cheedy kalchdy chedaiin or chol kar chekar olkaiin olkeody ykaiin otain okeedy ykaro saiin choky qotchdy otaly chedy dy chckhaiin chk qof pchedar oraiin cheor kas or also xockhhy olkain yty qokaiin ykal chdy qokyosain chykaidy dam otar chdy dytchdy,1491,6:3,3
f94v,1.0,1,Q,D,b,2,Herbal,B,3,5,Sequence of characters or numbers,tshedy chedar char qokchedy okal daropchackhy oteedan ol teedy qekeey teedalykeedy qotarain yshedy chdaiin otedy sdal tamdychdy qokeey tam dchdy otar otchy kedy qokchdy olokchy,1492,6:3,3
f94v,5.0,1,Q,D,b,2,Herbal,B,3,5,Sequence of characters or numbers,tedain chedy qokshd okchdy qokealchorchor tchor ycheeo lkeol opchdy qotar aralotor otchy tody oty toky shey qokaiin,1493,6:3,3
f94v,8.0,1,Q,D,b,2,Herbal,B,3,5,Sequence of characters or numbers,pchedaiin sheocthy cphedy fchdotchy qotchy par ar ytar okedy okeedy qokshey otaiin yypchdair ol aiin oly ol air cheey okchaiin shy tararainotody qodar todaiin shcthhy qokar chetaiin chdyykol qoky or eedy oky chcthy chdy chckhy okaiin,1494,6:3,3
f95r,1.0,1,Q,F,y,2,Herbal,B,3,5,Sequence of characters or numbers,kshdor chepchdy ofaiin ol oldaiin opshol qokaiin oty odain ol chdy chdy qokaiin shdy qokaiin chdy kol chdy qoty oky dan teodaiin oekeey qokees ody chekaiin chekaiin chky chaiin ycheey ky olkain chey kain cholky chedy qokaiin chy kaiin ly atar chedy todaiin qoky shdaly,1495,6:3,3
f95r,1.0,1,Q,F,y,2,Herbal,B,3,5,Sequence of characters or numbers,tchdor or chekchdy qokar chcthy qotchdy lshedy qoky qofain dy ykchedy sheky chekar chdain chdaiin okar chetchdy chdy chkam olkor chdaiin cholkaiin qokeedy qoky chey lchedy chedy alod tchdy tchor chol tar chdy ykoldy olkeedy qotaiin or chckhy okaiin chckhy ykedy ep?iin okaraiin ls ykaiin or chdy chekain ol ykar olkeey ldar chekal,1496,6:3,3
f95r,2.0,1,Q,G,y,2,Herbal,B,3,5,Sequence of characters or numbers,kshedy or chdy dalfchy qodaiin chckhyfchy daraiin dalal shody chkain chol chckhy otain oty oteedy kar okam todaiin chor chckhy qokol chkar ol otaiin ofar okain aram shody tor or okain chckhey,1497,6:3,3
f95r,2.0,1,Q,G,y,2,Herbal,B,3,5,Sequence of characters or numbers,tshod qokal ody chcfhol okal chedy dalshdy qopchdy kary olkor ol shol qotar chdy chdy qokar okar qokar odaly dshedy otal qokal dol or eeedy okeedy okedyted otam tedykaiin cheol okal chedy shdy qokchdy otar chctham poiin okar qokol shsdy okar chdaiin olky,1498,6:3,3
f95v,2.0,1,Q,I,y,2,Herbal,B,3,5,Sequence of characters or numbers,tchody podar shody qofaiin ofchdy otedy qotedaiin shor olsain sol shedy qotchey alor chdyty olor okady chody qotaiin kaipy archytaiin shekoiin okar or aiin chckhy okal otain okalody olkain qokan shar shekydy dain alkainokalaiin tar fcheey shos aiin okar olkaiin otalainokaiin ar dain ykaly chalsshedain olaiin yokain ldy qokeey chdykainytasal otain,1499,6:3,3
f95v,1.0,1,Q,J,y,2,Herbal,B,3,5,Sequence of characters or numbers,cholteedy choepaiin oekshy qofchdaiin shoyfar okshy okain ar alfshed okshy tshor qoksh qokain otar oty qokedy otal ytchdy qokar tchody qokaiin char okain sheody chedy chcthykedy ety dain al tchedy qokal oty shekshey otaldy okshey ytshedy okarar yty chdy otal shedy odaiin chey,1500,6:3,3
f95v,1.0,1,Q,J,y,2,Herbal,B,3,5,Sequence of characters or numbers,tshdal qokshy dchdy shedy dkshey chefar otchdy ol shedar chdam dshey kain qokar olkar chy tar otar chdy kchdy dolkain otardy dchody sheos qodaiin fchodaiin chtal okedy okchedy,1501,6:3,3
f95v,1.0,1,Q,J,y,2,Herbal,B,3,5,Sequence of characters or numbers,tshey taiin ol shol kshed qokeeod raiin qokeey qoko skchdy sain sheyk chody chedain chedaiin otain,1502,6:0,0
f95v,1.0,1,Q,J,y,2,Herbal,B,3,5,Sequence of characters or numbers,pshedar shedy kshedy qotches or aiin shekaiin otain tshes qokain shotshey aiin ody olkchdy qotaiin shcthy dolkchy tchdaiin lshee qodain okaiin otody chcthy,1503,6:3,3
f96r,1.0,1,Q,K,z,1,Herbal,A,1,4,Sequence of characters or numbers,tor cheeor ckheos olsheeosol cpheol cpheor chodar ytol oteeor sheol qokeody qokeeody cthey toaiin cthhodal chos ckheody keody chodol oty or chor chkchol chokchor or sheockhy choly chodaiin cthey tol sheor qokeol lor ckheey chol cholody cheol ctheor sor oiir or ckhor chkey ckhocthy or chockhy ykeor secheeol sheol qokeeey chol todar sheo cthody shokocfhy chopcho dory otchodol shocthody shockhy otchodor chocty teol cheody shodol qokchodsaiin chokey dcheor cheol cheodaiin oldydchsarcheody oteodsho qotchos,1504,6:2,2
f96v,1.0,1,Q,L,z,1,Herbal,A,1,4,Sequence of characters or numbers,psheessheeor qoepsheody odar ocpheeoopar ysar osoj ytear yteor olcheey dteodoiinsaroqoches cheom dcheoteos cpheos sor chcthorycthytchey dsheos sheey teocthey cteeodody tockhy cthey ckheeody ar eeeykey yteeody teodar alchey sy sheodal choraryctol ycheey ckheal daiins oeol ckheor cheoraiin ctheor oral char ckhey checkhey socthh sosar cheekeo dain soysar cheor,1505,6:2,2
f99r,1.0,4,S,A,a,1,Pharmaceutical,A,1,4,Sequence of characters or numbers,okaradag okar darar oky salo aro ain okor ralol skeeal okary okolo otalam otoldy oparal oaro aloly aora? choky oky okeoly yteold cheotchy tsholdy okos oekey chockhia cheyet saiiny sory dam yteoldy tolsasy,1506,6:2,2
f99r,15.0,1,S,A,a,1,Pharmaceutical,A,1,4,Sequence of characters or numbers,pcheody oteody cpheey tshol cfheol olaiin saroshy shor shor sheol kolsheol qoeol sholkol ckhol ckhory dcheor chr al yckhy okeol ckhor oraiin chor qokeeor chory qokeor chol ykol cheey chody ckhol okeoly ckhy,1520,6:2,2
f99r,28.0,1,S,A,a,1,Pharmaceutical,A,1,4,Sequence of characters or numbers,kodaiin opchey qoky otchor opsho okeol sheol oteoefol dsheol ckhey ckheol okeol ctheol qokey ckhol okeol okeey dald tol cheody qokol okoly okoldy qokoly qokal okchol qokold chees okeey qotol sheol qotol okeol,1530,6:2,2
f99r,41.0,1,S,A,a,1,Pharmaceutical,A,1,4,Sequence of characters or numbers,tsheeor cpheol ckey pchol ckhey ypchol chor choly qotocthey qkory sol sheol keshey qokeeey chs chey dalchey ctheey cheom cheeokeey checkhey dor oldy sheey keody okeeey aiin ols qokey chkeey chey ckhey ckhey air chody oeksa,1540,6:2,2
f99r,47.0,1,S,A,a,1,Pharmaceutical,A,1,4,Sequence of characters or numbers,tol ctheey ykeol okeol ockhey chol cheodal okeo alcheeg orar okeeey keear okeey okeol aiin olaiir oolsal qokeeo okeey qokeey okesy qokeeo sheseky or al yshaiin ykhey octhey dy okor okeey shctysh ychor ols or agairom,1543,6:2,2
f99v,1.0,4,S,B,a,1,Pharmaceutical,A,1,4,Sequence of characters or numbers,okaramy otoldy otorchy oldy darary otaly olsy arol otoky okoldody oeeesary daiiinc sary saiino otolsar osary darolaly okechy otal chor olekor okeodor olky doldam oralas koleearol,1544,6:2,2
f99v,10.0,1,S,B,a,1,Pharmaceutical,A,1,4,Sequence of characters or numbers,sol cheols ockhey qockhhy qkoldy sok oleees dain okoiin choty qokchol qokeol okoldyqkholdy toly qokeo qokeol chockhy otyotockey da chor aiin okoraiin shocthyqokor oloiram,1553,6:2,2
f99v,21.0,1,S,B,a,1,Pharmaceutical,A,1,4,Sequence of characters or numbers,doror okeeody opar okor eosaiin otoraiin shey ols aiiin qoetal doiin otey keeol aiin okeol qokeol ctheol qokeol dy qokaiin qokeey chol okeoldy qokol qokeolo lchol okeol sheodol qokeechom shokeeey cholshey qokey okeodal oldy,1561,6:2,2
f99v,32.0,1,S,B,a,1,Pharmaceutical,A,1,4,Sequence of characters or numbers,qokeeoy chokol qokeeo dy qokeeol olpchey daiir okeedyokolol dol okeeol okeor okal okaiin ckheol okolaiin okolaiin cheoldy yoiin ol ol olaiin qockhey qokol olshy qokeeor or aiin doldam ol okeeey oqoeeol cheol chody okoiin,1569,6:2,2
f99v,37.0,1,S,B,a,1,Pharmaceutical,A,1,4,Sequence of characters or numbers,ceol sochey qokol olkeol daiinokoly ol cheey qokeol okeol okeol shokolykey shol okchey ckhey qokololalokeol or aiin okeody odaiin qokyolaldy qockhol shody qokol aiidalaiidaiim ol sheol olkeol or oralolyykeol okal okaldaly ychol olkeeoldy,1571,6:2,2
f100r,1.0,4,S,C,b,2,Pharmaceutical,A,1,4,Sequence of characters or numbers,chosaroshol sochorcfhy otear chofary chardaiindy oraro chalsain soity sosam dakocth sofam okeeos shockhey orol olcheom okols,1573,6:2,2
f100r,12.0,1,S,C,b,2,Pharmaceutical,A,1,4,Sequence of characters or numbers,pcheol sheod qocpheeckhy shodol chda oto cho?os sheey chcthh'o dsheor cthey qokeey ykeeodain rorarydaiin deeomchol shor chkeey qoteey qokeody qoteold qokeol so raiin otal ykeeeo dcheor shol qokeeol chor chol qokeeody dareu,1584,6:2,2
f100r,22.0,1,S,C,b,2,Pharmaceutical,A,1,4,Sequence of characters or numbers,folshody choldaiin fchod ycheol cphol qotees shey aseso alcfhy soiin chol cphol shol shol qockhol chor chol sho chkhhy ykeeam saiichor sheor qockhody odeor yk sheey cholsheody sai cheol raiin sheor qkeeody chol ctheol olcheol cheol cheockhy okeol yaiin chekeey chol cholody chos olchor qokeol okeeol cheols al chol cheol cho chckheody otolchey,1591,6:2,2
f100v,1.0,4,S,D,b,2,Pharmaceutical,A,1,4,Sequence of characters or numbers,tolchd chols opchor solsy soleesos ykchochdy ykchdy dchdy dalsy okcheor ytchol dykchal chos ctharal,1592,6:2,2
f100v,14.0,1,S,D,b,2,Pharmaceutical,A,1,4,Sequence of characters or numbers,chdeechy sheocphy qoteody ckhoor ar chor qokomo sor cheey dair ol cheol qoolkeey chol cheey qokeol chotol ykeeol chol chey eeoseeo sheeo okeol okeor okeol dy chockhey sholkcheol qokeol chol chotor chso solcthy tachso ol cheo cheeor odaidy ckhod sh chod qokeol sain cheokeos chockhy chocthey keody chockhhor chckhey du ycheoky shokeesy qokeey chokeol saraloaly cheor ol chockhar soral okor ol choy ly araroy okar cheeeal cheokeol orey chory,1605,6:2,2
f101r,1.0,1,S,E,y,2,Pharmaceutical,A,1,4,Sequence of characters or numbers,pcheol sheol ol shey qockhol shor yteol sheockhey qpol chear aiin oleeey qkeey chopcheey checkhey cpheocthy ykchy cheey chekeey chey dol chokeey chkey cthey okalchol kol or ol ol olchey qok chal qokeol kar shey teol or oiiin chol,1606,6:2,2
f101r,3.0,1,S,E,y,2,Pharmaceutical,A,1,4,Sequence of characters or numbers,olcheol okeor sheol qokol shey dol shey okeey ctheey yteeoldy kchol ol sheody or ol sheor qotoiir sheey sheo tchey ol ycheeo or sheeol sheeol okeol ctheol c'ykeeo qockheol shy chol okeeor ctody chkchol dateody okeol dairin okeey okeey dairin ctheol cheol okor or aiin cheol cho keeodchey okeol dor chol chy aiin or aiin ol chey oteeod sheol okeol chosaiin sheam okeeol sho shody sho shol okeeeol cheas sheokeey sheeor chchy chodaiin cheeckhey teeol cheol rar oeeor,1607,6:2,2
f101r,7.0,1,S,E,y,2,Pharmaceutical,A,1,4,Sequence of characters or numbers,cphoar oaiin ypcholy otaiin otaiin yfolaiin cheolain ypchey yphody shotey odariin sheoor sheor ckheey ykhey qokchey cholp cheol dy olaiin chor chokchey kor shok chol chol qoky ol al ydar or ory okeey shey cheor okeol qokcheol ykeor ol otechy ykeor dor aiin chl cheol okeol shey qodar soiin choko qokeol okchol cheo rcheky ysho qykeeol chol sho odor dor chees ykeol chol dol kor aithy ol chso sha olcheeol kolshey okeoly aiioly,1608,6:2,2
f101v,1.0,0,S,H,y,2,Pharmaceutical,A,1,4,Sequence of characters or numbers,sairaly otaldy ytal dokor orar otarar otoly soraly arom oraram oraeep dytolg olkor dolary odor olaran,1609,6:2,2
f101v,19.0,1,S,H,y,2,Pharmaceutical,A,1,4,Sequence of characters or numbers,tolchor cheopor or ody cphey shee fol otsheey otch???y kcho pcholy chor or choror sydorarokoraiin orolodain or aiin or or odam chor aiin okor cheeor sheeol qokol et???ol qoor cheey qykeod oeeo choy sokeeodychodaiin cthy okody ycheor o?o dain cheokal ykhody cheeods oraiin qoeey cthey ???eocthy dain cheod? dydy,1627,6:2,2
f101v,22.0,1,S,H,y,2,Pharmaceutical,A,1,4,Sequence of characters or numbers,ksear lol keeol otal or ol aiin okeod ykhey dain olcheol ???opcheol cthey qekeoldy qocthor sheody qockhhey odaiin shoytolaiin ?sodaiin dy yaiin ol olor okeey qok ykeol qockhy olch???dar qokeol dol oraiin oldaiin keeol rch qokeeeor ydy cheor okeey choldy teeeol sheol qokeor ykhol olcho chokey chor ctheey daiin???daiin cheeody cheey keo cheol daiiin deeor cheedy,1628,6:2,2
f101v,25.0,1,S,H,y,2,Pharmaceutical,A,1,4,Sequence of characters or numbers,dair yteol chor qockhol ckheey chey kchey da???oiin okeey ckheo cheody kcheol eteeos ctheody ctheo ckhosh? olchor olaiin okeol cheo kol sheey qoor qokeody cheor okeo ???oiin cheey cthey ory ctheey qokeey shol ody cheol oralar shey qokar ary chol choly okeey qol shckheol chol cthear keeol ???cheeo ol chs oraiin qokeeey soiin qodaiin cheol qokeey cheodam teol cheol etchey ???cheo cheol cthol cholaiin chol qkar,1629,6:2,2
f102r,1.0,4,S,L,z,1,Pharmaceutical,A,1,4,Sequence of characters or numbers,daarod otodeeodor okolaly ddardsh kodaiig ok?rolda loeekadag oshea??l so???dch koldarod odalydary,1630,6:2,2
f102r,1.0,1,S,L,z,1,Pharmaceutical,A,1,4,Sequence of characters or numbers,polaiin shocthy qoteol loiiin oteeor cpheodar sholdaiin dsheody okeeoy kod? chkeeody daraiiin ctheoly qokcheololain ytol sheol she olaiin orain oraroekeol chol ekey qokol dain ykeeol oldy okodaiin,1632,6:2,2
f102r,1.0,1,S,L,z,1,Pharmaceutical,A,1,4,Sequence of characters or numbers,pshodaiin qoorar chopychofol qoteol doly orsheoldy qokeoloteeody lshodykeodal qokshdy sy ycheol sholdy chol chol ykeeol dol doleodaiin cthedy dcheo qockhy sol sheey okeody qokeodol shockhey oleeol,1634,6:2,2
f102r,1.0,1,S,L,z,1,Pharmaceutical,A,1,4,Sequence of characters or numbers,teesody qoeol olcheor qokey okshey qokeol sheofolckhhy doeey keeol qokeo daor shey qoteol chos or oeeaiin or chol dykeor sheey qokeody dor ykeeykam ddor chordamsoraiin dy okeol doeoears aral dor ydar arodyoldaiin sody chockhy oly,1636,6:2,2
f102r,2.0,1,S,M,z,1,Pharmaceutical,A,1,4,Sequence of characters or numbers,lsais azg cheey cfhey por aiin chefol ycheor olaiin olsho qokol olaiin oldam ckheeol oldor cheodor sor airam tor sheo or chey qoor yteor chol choky okody qokeody okeol dor chckhy oteod orsy,1638,6:2,2
f102r,2.0,1,S,M,z,1,Pharmaceutical,A,1,4,Sequence of characters or numbers,kolor olaiin opor shey opolkod odain sheo qoeol shey dor okeody qokeol sheoy qoochey ckheol sheey skeekyd shockhy qockhey sol eeey dol cheol doaiin qkeeey cthey kockhas okor okeey qokeey dol ol sheody da cthhhy ytchy ockhy okeey cheody saiin dol ockhy okeady,1640,6:2,2
f102r,2.0,1,S,M,z,1,Pharmaceutical,A,1,4,Sequence of characters or numbers,chol dchody cthol soeees ykeody qokeey qotchy soefchocphy ykeockhey qokeeo ckhey qokey desey qyoeey dol chkey choky shey qockhey dol shey dol sheey qokol oky oky qokeod okeal okeo cheo ckhey qkhody qokey ody keeody chody keeol cheos ydeeal cheody ykeea lchey,1644,6:2,2
f102v,2.0,4,S,O,z,1,Pharmaceutical,A,1,4,Sequence of characters or numbers,porshols soaimy oror chor sachy okeos otory ok? okody cheor okoroeey opchy sarol olrodar tod? okolky osain aiky okeeoraiin okockhy keoraiiin okeody okeody daiisaly ypary opchytcy d?indy ypcholdy loralody opchdard,1647,6:2,2
f102v,2.0,1,S,O,z,1,Pharmaceutical,A,1,4,Sequence of characters or numbers,podeesho oteeos sheor qoteeo ch ckhhy shkeey chekeod ocheos chyokeor okeol okeol shy deeeo qoeeor eoikhy cheos okeeos ain qokeor cho keeol okeeey qokeody chockhey qokeey dol ol sheeoy tody cheoc? ycheey od eey okeeor cheol oeees okear chey saiin oteo dain or aiin cheol oiir chol sheey qockhy ol keo okeody okeor cho? shey oiees or eey,1663,6:2,2
f102v,2.0,1,S,O,z,1,Pharmaceutical,A,1,4,Sequence of characters or numbers,pydchy odiy pcheady qoekeey qokeod sheey opaiin deear oldeey ckhy sheeody eeos sheshe oeeor ykeear chekeey ykory cheor shoar okeol shoy ar oky cheeor ol sy qokeor sho ?keeeos cheor al chos aiiin ky okaraiin sorshey okeeor sheockhey qokeos okchol ctheor ychor sheol por sheeor shekeey qoky cheo teody qokeol okeeor cheey okeey sor eeey okeey qokeor tchor ar chey kor or cthey qoeeey qokeey okeoroly cheey ckheey qokeor chos sho okeeo rain yotaiin cheor cheekey orain,1670,6:2,2
f102v,1.0,1,S,P,z,1,Pharmaceutical,A,1,4,Sequence of characters or numbers,poaiin ockhey pchol doiin shey shockhsy sheocthy qokeody dairn ol chey ctheol qokeor aiin cheor qokey choky teody ckheey qokeol sheky qockheor or cheo rchol qoteor kochor ol ydaiin choraiin sheey kor shey qokey dy sol chol qooiin qokol cheol chey kolcheey cheody dy cheol cheol doiir shekcheor ar cheor khey pchodaiin toiin ol qkol cheol qokar oaiin cheey saiim chor cheor ckhey aikheky,1677,6:2,2
f102v,1.0,1,S,P,z,1,Pharmaceutical,A,1,4,Sequence of characters or numbers,foidaiin dair or sheol okeeol qoteoloroikhey olkey soiin shey qokeey qoeeol qokeody sheody qoeteey okeey dam qoeeody ychey okeody deody okody cheodaiin cheody ram ykeeody chodaiin qokeos cheol qool chsey oteody okchy ksheody sho qokey sheody qockhey olcheor odain okchody ysaiin ckhey qoor cheol,1682,6:2,2
f103r,1.0,1,T,A,a,1,Marginal stars only,B,3,X,Sequence of characters or numbers,pchedal shdy ytechypchy otey ?lshey qoteey qotal shedy yshdal dain okal daldy dain shek chcphhdy daloky opchedy peshol chep ar otchy lkeey ain ok?? chedy yshdain sheek cheoty eeokal chedy chckhy or orol okaiin eeal ot kar otar chal ychedy qokedy okedy qokeey chdar ol loty chedaraly,1683,6:3,3
f103r,5.0,1,T,A,a,1,Marginal stars only,B,3,X,Sequence of characters or numbers,pocharal okedar shedy qokey lkar sheeky okalor shedy yt??? rkar ota? okdy ocheey dain shek okeedy shedy qokealdy shcthy qotedy qoto??? ota ??? san saiin chey shs olshedy qokeey okeeody qoedy ol shedy,1684,6:4,4
f103r,8.0,1,T,A,a,1,Marginal stars only,B,3,X,Sequence of characters or numbers,daroal chedy rain okechy qoisal qotar adchey ofeeo lt??dy ??olkechdy lo oteeos ar cheal okeey shey lkaiin shey lkeor otaiin shedy otey ?dy okeedaram ol oain okeol chol okam chety shedy otaiin shedy teolshy oteedy sor ain otain lolshedy okain chey qorain shey otoy qokeol key daikhyky oain shey shckhy qokeol keedy shar aiin otedy,1685,6:0,0
f103r,13.0,1,T,A,a,1,Marginal stars only,B,3,X,Sequence of characters or numbers,podar sheor qotedy okeey qokar checkhy qokain chedy pchdy tshdy kasol okain shekain chedy qokeechy qoky shey lol aiin chey eekain chcthy qoky qotedy qokeey shol qotey shkaiin,1686,6:4,4
f103r,16.0,1,T,A,a,1,Marginal stars only,B,3,X,Sequence of characters or numbers,dshol sholkar shdaiin cheey rar okeey shcfhedy opcheol oteedy tchey shky shey qokey keedy qokeey chckhy qokal oty or aiin,1687,6:4,4
f103r,18.0,1,T,A,a,1,Marginal stars only,B,3,X,Sequence of characters or numbers,polchedy qokeol okain checthy oteeylshedy okain qokain qokalshedy oteys okaiin chey qoy shey qokaiin chedy qokain lkar okaral lkldy lr ychain shckhy qokaiin shey qokaiin shedy olor,1688,6:4,4
f103r,21.0,1,T,A,a,1,Marginal stars only,B,3,X,Sequence of characters or numbers,pcheam sokedy dalkar otal qokal chepy okedy qoky pchedy okaly qokeedy lor dalshy okain shckhody shdal qokeedy shedy qotar chcthy chep ar otar opchy sheckhy lchedy chckhy shol,1689,6:3,3
f103r,24.0,1,T,A,a,1,Marginal stars only,B,3,X,Sequence of characters or numbers,tchoky okeal shedy qokal oty opchedy qotain shcthy otey dain oky shey qokain chckhey chey kain chedal okeeey qoodain okain ol oteedy okeey qotchy shey olcheedar shey lotor,1690,6:4,4
f103r,27.0,1,T,A,a,1,Marginal stars only,B,3,X,Sequence of characters or numbers,qokechy okeey qokeey lkeeody sheey qokeey lkeol tchey qokeey okeey qokaly deshedy qokeeey dalkain okaiin chedy qokeey otain ain ol cheey lkeedy qokeeechy shokeey qochey qokeey chal chedy,1691,6:0,0
f103r,30.0,1,T,A,a,1,Marginal stars only,B,3,X,Sequence of characters or numbers,pcholkchdy sheckhy qokey okaiin shedy chpchy opchedy oteeykshy chdaly soiin chol kaiin chal okaiin shckhy qokal shdar shchdy okaiin chty okeey shedy qokedy qokal shety otedy shcthy oraiin,1692,6:4,4
f103r,33.0,1,T,A,a,1,Marginal stars only,B,3,X,Sequence of characters or numbers,qokeey chechy qokey shckhy choldy qokal shedy yteedy qotail shedy sheod oshey cheedalaiin,1693,6:4,4
f103r,35.0,1,T,A,a,1,Marginal stars only,B,3,X,Sequence of characters or numbers,qokecar chain olain chey kain sheol shedain qokeedy ykeedy lcheg okool chedy okeedy qokeedy qokeey shdy otey qokeey,1694,6:0,0
f103r,37.0,1,T,A,a,1,Marginal stars only,B,3,X,Sequence of characters or numbers,pchedy qokeey qokeodair qokshy qokeedy qokchdy chsky ee'ey shalky otechedy qokain shcthy chckhy lokeedy checkhy lokain shedy okeey ykeedy qokeey lsheey qotal shedy,1695,6:4,4
f103r,40.0,1,T,A,a,1,Marginal stars only,B,3,X,Sequence of characters or numbers,qokeey sheeol shckhy sheol shodyol aiin otedy qoteey lotar otam cheol sheeey qotey oteeal oteedy shet sho keeo shey qokeedy qokal tshey sheol cheolshy chalal,1696,6:4,4
f103r,43.0,1,T,A,a,1,Marginal stars only,B,3,X,Sequence of characters or numbers,tar cheal ol sheey qotal sheal qokal sheedy okeshedy shokey qokaiin odeeey qokeey shey sheal otshedy,1697,6:0,0
f103r,45.0,1,T,A,a,1,Marginal stars only,B,3,X,Sequence of characters or numbers,qokeedy qokeedy shol shedar chedy qoteedy oteedy olkeol ltar chol qokeey cheol chorol shedy qokeey qokeey ol loiin chedan ssheey okeeo lchey qokaly lcheedy oloraiin,1698,6:4,4
f103r,48.0,1,T,A,a,1,Marginal stars only,B,3,X,Sequence of characters or numbers,polarar lshedy qotolaiin qokeey qokeey shkchy opchealol kchy sam okeey lr ain ol sheed qokeey sheol qokeedy shedy qoky leeesain ssheey shey qol cheey chey qokeey okeey qokain cheey qotain saiin cheteey shey cheosaiin,1699,6:4,4
f103r,52.0,1,T,A,a,1,Marginal stars only,B,3,X,Sequence of characters or numbers,pchedal qol keedy qokeey qoty chepchy qopchey lkaiin otalsy sshey qokedy qokaiin shdy qokeey chedy qokeey qokeey lchedy loty dsheey qoteeey darchedy qokey qoty,1700,6:4,4
f103v,1.0,1,T,B,a,1,Marginal stars only,B,3,X,Sequence of characters or numbers,pol olfchey qoky dy qokeey qokeey okeedaky qoteiir shedy shey qokal shedy qokeedy qoteor shey qoty chckhy qotain chalr qok or chedy qokey chcthy char qoty shdy okeedy qokeey qokain cheey qokeey okeey lkees ol qoteedy ykeedy,1701,6:4,4
f103v,5.0,1,T,B,a,1,Marginal stars only,B,3,X,Sequence of characters or numbers,pcheor olkeey qokshdy qokaiin okechdy qopchdy qotedy qokaiin oly dain shey qokeedy cheol qoeeor lshor qoky shedy qokaiin chedy qokam shey chol chey lkeeor okaiin shedy shedy qokaiin ol chedydy sain shey olsheey dair chekoal okeey,1702,6:4,4
f103v,9.0,1,T,B,a,1,Marginal stars only,B,3,X,Sequence of characters or numbers,pchal shal shorchdy okeor okaiin shedy pchedy qotchedy qotar ol lkar or cheey qokeeshy okeey loiin oithy otedy lor aiin sheor qotain olldy qokeedy olkeeshy qoky qokal shed,1703,6:0,0
f103v,12.0,1,T,B,a,1,Marginal stars only,B,3,X,Sequence of characters or numbers,sheal shedy okeedy qokeey ol shedy pchor pchedy pol sheedy opalam dain ch'eey olshy otey olshedy qotshdy okeey lr ain okan olshey,1704,6:4,4
f103v,14.0,1,T,B,a,1,Marginal stars only,B,3,X,Sequence of characters or numbers,teeol sheol sho qokeedy shedy qokey oshedy oteedy qokain otar aiin otam tchedal shey lcheey lchdy ch ar olchey lcheody tedy otain otain ota?y sheekchy okeeshy qol shedy otain ol kedy,1705,6:4,4
f103v,17.0,1,T,B,a,1,Marginal stars only,B,3,X,Sequence of characters or numbers,qokeedy chedy qoteey oteedy lkedy shedy qokal ol char otal opchedy yshear ol oqaiin chckhey lchedy chedy olaiin oteedy qokeedal larorol chey lkeey chalkar cheeey chealainor,1706,6:0,0
f103v,20.0,1,T,B,a,1,Marginal stars only,B,3,X,Sequence of characters or numbers,pol char otar okaiin shaikhy oteal okain qotal shedy qokeey lolain tokain shal qokeed oteedy sheoky shaikhhy tar teor otam oll olshey qokshy qotalsheey oloiin oleeedy qokain shedy qokey ycheody ar cheey or aiiin otal otear or ar qoty lchey qokeey ror aiin olan otan otain otain ar kain sain olkeeey qokan oteedy qotain otal oty opar aram oteeam yteey qokeey sheety lshedy oteaiin,1707,6:0,0
f103v,27.0,1,T,B,a,1,Marginal stars only,B,3,X,Sequence of characters or numbers,fcheody arar okeey okeey lchedy oteal lpar otedy qotar otaryly checkhy shckhy otealshey okain chey oteedy por aiin olcheeey chey lkchdy sho chcthy araiin qokeey,1708,6:4,4
f103v,30.0,1,T,B,a,1,Marginal stars only,B,3,X,Sequence of characters or numbers,pchear okain opchedy pchol fchedy otedy poly lchedy fchedey rar okeey chey qokeey qokeey chedy qekchy chckhy olainy qokeeey chey qotey chokaiin shal chedy olkam,1709,6:4,4
f103v,33.0,1,T,B,a,1,Marginal stars only,B,3,X,Sequence of characters or numbers,yshey lkeey qokain okaiin cheody otey shdpchy opchey oly sheey ol chey qok shey qokaiin checkhy otedy lshey lchdy qol shey okeey lshey sheckhy chtain oty okedy otaly saiin shey qokeey oshey olshedy,1710,6:4,4
f103v,37.0,1,T,B,a,1,Marginal stars only,B,3,X,Sequence of characters or numbers,olshey qokain ol shey qokeshe lsheok shdy qcphey chetydar chees ol chey chey chol keechy,1711,6:3,3
f103v,39.0,1,T,B,a,1,Marginal stars only,B,3,X,Sequence of characters or numbers,polshor keeolshey lcharar shol okeedar shes aiin oty lchdy yteey sheal shey qoain ol qokaiin shckhy lchedy rain shey shey lshey qoar shas al otar shedy ithy lchdy rar yshey sheykain chey rar arol chsaly,1712,6:1,1
f103v,43.0,1,T,B,a,1,Marginal stars only,B,3,X,Sequence of characters or numbers,orain chckhey qokaiin shckhy shtal opchy lkeedy chdy lchedy qkain shey ar ar oky rain chckhy shedy qokeory lteedy ro ol cheey lcheey lkain shckhy sheckhy or ain otar oly tain shol qokain chckhy rorol chdy raly osaiin chary,1713,6:3,3
f104r,1.0,1,T,C,b,2,Marginal stars only,B,3,X,Sequence of characters or numbers,pchdar chedy char qopchedy ocphedy qopchedy shedaiin oteeochey qopchedy sain ar aiin yteeody cheedaiin cheodar aiin chey tair aiin chcthedy teedaram daiir cthedy otech ykar otedy otody qoteeor yteeody oteedy aky okal daram sheedy qokeedy chedal qodaiin qodaiin chry,1714,6:3,3
f104r,5.0,1,T,C,b,2,Marginal stars only,B,3,X,Sequence of characters or numbers,kchdal qotaiin qoshedy ol chl ol chedaiphy al lod pchdair opchdy qod cheeody aiin lkar cheeo dain ockhedy qokeedy qotain otchdy otain chedam dchodees sheos odaiin otchedy qodain shedy chedy qodain okar ar okaim lsheedy lkeedy lkeody qokaiin chedal qokar odar qokal okar otar odr ycheeoy qokecho qokol cheeo dam,1715,6:0,0
f104r,10.0,1,T,C,b,2,Marginal stars only,B,3,X,Sequence of characters or numbers,tol chedal cheockay otyd air shdy qokchd octheody cholfor otalr otodchy lkeody qokair otoly shodar cheey okar olkeedy,1716,6:0,0
f104r,12.0,1,T,C,b,2,Marginal stars only,B,3,X,Sequence of characters or numbers,tshdol qotchedy qokoeey qoteode lo al octhy qotor opchey qotam olcheol qodain chokar okcho lkain okar cheody okeeody qodam chdy choaiin qokechy qotal cheolor saiin olkeechey otal ol oeeal sor chodaiin chody okar otolkeechdy okal kaiin cheodaiin,1717,6:0,0
f104r,16.0,1,T,C,b,2,Marginal stars only,B,3,X,Sequence of characters or numbers,ocheoithey qoctheody ykeeodey qoepchy opchey qoty sh tey yteedy shody ykeeshedy olkeeody qotey qokar chedy qokedy oteechy chyteody okar ody dcheeokeody qokain qolar or chockhar otalkshedy,1718,6:4,4
f104r,19.0,1,T,C,b,2,Marginal stars only,B,3,X,Sequence of characters or numbers,toaiin chdar otar shd qotar olkchedy cheokeey kary opair airod lshd dsheoy qocthey qokchdy qokaiin chol rar cheody cheeekan ar ain ar alam dsheedy qokaiin chear olkchedy charaiin,1719,6:3,3
f104r,22.0,1,T,C,b,2,Marginal stars only,B,3,X,Sequence of characters or numbers,tshedar chllo rl shed kchedy chokor cheedy opchar cheor chckhey taiin dam ol sheockhey chol kechdy okeedal lkain chol keeody otchor aiir chol kar alol char qotal okechol olkeeor olkeeodal lkaiin chal keeedy qokam okair chckhey qodaiin chckhy checkhd raiin otain ar airam shar sheey kar sheody,1720,6:0,0
f104r,27.0,1,T,C,b,2,Marginal stars only,B,3,X,Sequence of characters or numbers,pchedar qokaiin qotaiin dl ral cheodl cphaiin ar qekeeey qoparaiin olcheear chedar or aror sheey olkeechy or char cheeo or or aiin atam ysheodaiin shody yteedy cheedar or air cheoltar arodly,1721,6:3,3
f104r,30.0,1,T,C,b,2,Marginal stars only,B,3,X,Sequence of characters or numbers,okeeo keeo dain lkeodaiin qokeeo lkeeeey okeody otechdy opcheof qopaiin qokeeo aiin okch'eey okolchey lcheeey lkechedy qokaiin chedar cholcham ysheeody qocth okshey otechshy cheol kaiin shoda lkaiin cheodain qokar alchd okchechy qokcheedy okchdal qokal char olkeeey olcheo lkaiin chey raly,1722,6:0,0
f104r,34.0,1,T,C,b,2,Marginal stars only,B,3,X,Sequence of characters or numbers,pchol ksheody qokeshedy qokal chedy qokaiin otaiin cheody qokal taiin cholxy yshoiin qocheol chedaiin qodal chey chol cheol olaly,1723,6:0,0
f104r,36.0,1,T,C,b,2,Marginal stars only,B,3,X,Sequence of characters or numbers,psheody qotar chopar qotaly qotsheod qotechy kaiin okar qopchar opam okaiin cheodal qoaiin okar oraiin okar oteody qokaiin okal qotir okaiin orcheol qokchol kcheody qotchdy,1724,6:0,0
f104r,39.0,1,T,C,b,2,Marginal stars only,B,3,X,Sequence of characters or numbers,pcholor ar aiin alkchdy qotal chol qoar aiin qopcheedy qotair ofaiino olkeeos olkaiin oair qcthy oiinol al ly oeear chcthy olched qotaiiin qoteey qokeor soiir qoty qokl lkaiin yteedy qokain oqockhy lshedy cholkar,1725,6:0,0
f104r,43.0,1,T,C,b,2,Marginal stars only,B,3,X,Sequence of characters or numbers,tsheodl qokaiin qokchedy ykchdy pchedy qokeedy qokain oteo okcheochy cheey qoeedaiin qokeey ar cheol olkair qokaiin otaiin okam olcheeo aiin otain ar chedy qokaiin otaiin otaiin,1726,6:0,0
f104v,1.0,1,T,D,b,2,Marginal stars only,B,3,X,Sequence of characters or numbers,pchdoiin opcheedy orar oltcheey opchedy ol ear aiir aly cheodaiin cheekain dam ychedaiin qoteed chockhy otaiin ydaiin qokamdy otarar alched otair oram shod chedy qotaiin odaiin okeol ockhey chol qokeedy qotair oeedaiin ol dl qoteedy chedaiin chokar qotol qotched chol chey qol chedy qoeeey qokeedy dcheol chdeey oeeodain airol chedal,1727,6:3,3
f104v,6.0,1,T,D,b,2,Marginal stars only,B,3,X,Sequence of characters or numbers,solchd shol sheol qokchy qoka chedy shedy qokain cheedy cpheo apchedy qotady scheo lchody cheey qocky cheo ain chedy cheedy chedy sol cheodalol,1728,6:0,0
f104v,8.0,1,T,D,b,2,Marginal stars only,B,3,X,Sequence of characters or numbers,tchodls cheeody cheeool ls air ykeedy chotedy qotchedy chedy qoeky qoteeo lo ycheo lcheod otaiin qokeedy qokaiin cheor ol chedaiin qotar chedy qoty shol cheedy qokaiin qoteedy otaiin oteedy qotedor okain cheos cheeo lchey ycheedy qocthhy ykchedor cheeky qokchd qotol qokol qokol,1729,6:0,0
f104v,12.0,1,T,D,b,2,Marginal stars only,B,3,X,Sequence of characters or numbers,polchechy oteoy chotchs cheeta oteeey oteedy qoty ched cheol par oltedy chedam ycheol cheody qoeechdy qokeol qotaiin chedar cheo lkaiin cheetar aiin cheitaiin ytohedy qokeeo lcheolshedy aiin daindl,1730,6:0,0
f104v,15.0,1,T,D,b,2,Marginal stars only,B,3,X,Sequence of characters or numbers,tolkshey chocthy qokeochy qokchy qotcheo qotcheo dlchd chedy tchdy qotchdy ram dcheedy qockheey chdor as aiin chcthhy dchdar chdy qokchedy olkchy qokain dadam ycheechy cheey cheos ais otkchedy cholkchy qotchdy qotol sheedy or ain cheol dcheeoy qokaiiin qokaiin lkar ytaiin otcheochy sarain,1731,6:0,0
f104v,19.0,1,T,D,b,2,Marginal stars only,B,3,X,Sequence of characters or numbers,pcheor chol chpcheor cholkshedy qotol sheedy qokchy qotched sho fchor ols aiin chekal or sheeo lcheedy qokeey qochey qotcheedy qotchedy qokol chor chorol chdar otam yshor sheedy qokaiin shokchey qokeey chodain,1732,6:0,0
f104v,22.0,1,T,D,b,2,Marginal stars only,B,3,X,Sequence of characters or numbers,ytchedy qokchedy qotchy qokchedy qokchd ls aiin qchor sheor ytaiin chey tal tchey qokchey qochey qodeey qodaiin chodaiin chckhdy dairar otar qotai ?l ykaiin cheor cheeey daiiin cheo dalaiin chockhedy chedaiin qokar ary dsheey qoykeey lchedy qokedaiin ar chcthy cheey sair ol aiin chedy ysheor sheey qodaiin chodar chochs,1733,6:3,3
f104v,27.0,1,T,D,b,2,Marginal stars only,B,3,X,Sequence of characters or numbers,pchoror shor sheol sheol sheol qokchedy chdor sho aiin chpchs aiin al olsho lsair olcheey qokeechy qokchy chody qodaiin cheody,1734,6:0,0
f104v,29.0,1,T,D,b,2,Marginal stars only,B,3,X,Sequence of characters or numbers,kche shodaiin qokeey cheokcheo lol kaiin qotchdy lcheo chedy cheed chaim ycheol kaiin cheody shaiin qoeeol otair or cheeody okcheey lkair ar ar adam cheoraiin cthey chol sheody qokair qoeey cheey lkeedy,1735,6:0,0
f104v,32.0,1,T,D,b,2,Marginal stars only,B,3,X,Sequence of characters or numbers,pchedy kchedy cheocphey or ain cheeos aiiiro lcheedy lcheedy qosaiin cfheo ar als yteeey cheeod kaiin qokaiin cheey or ol ar odar chedain etar ar air ary ycheo lkeed qotain okaiin chokain okain cheol olcho,1736,6:0,0
f104v,35.0,1,T,D,b,2,Marginal stars only,B,3,X,Sequence of characters or numbers,psheodar sheedy qotchedar oteedy qotaiin okaifhhy sheody qokedy topaiin aiir sheos qoiiin okeedy qokcheodaiin,1737,6:3,3
f104v,37.0,1,T,D,b,2,Marginal stars only,B,3,X,Sequence of characters or numbers,posairy ytedar chedy shoefcheey kechy odl air shey qopcheey sol ain arodam okechey chedy chchy qotain qokain chey or aiin cheo or aiin chedain okam yshey ar kain char lkeey roiir shey cheey kar ar lkchs ar ais alod qokeeey okchedy qokeey aiin odain orchedy qoky,1738,6:3,3
f104v,41.0,1,T,D,b,2,Marginal stars only,B,3,X,Sequence of characters or numbers,tchedy qotechy otcheeo keedy qoty raiin cheedy qotaiin otchdy qotain oteedchey qoeeda lchal cheedy qoteey sheey teeeo cheed qotain chedy chey keeey qockheey lkeey keeedy qokeey okchey qot?odaiin okain orom cheeo chey okeeey qokeeey okeey okeey,1739,6:0,0
f105r,1.0,1,T,E,c,3,Marginal stars only,B,3,Y,Sequence of characters or numbers,aiin chcphy qokeey qopaiin ypcheeey saraisl aiin cheedy ?aiin arody dshees yey cheey raiin otchdy qodor or cheey okees odar cheody qody olshey qoden odeey kcheody cheeo ar yteey ytchy otedy qokeedy qokeey rol ykaiin olkeedy odaiin okar eeeodaiin yteey ochedy qokeeey oy teedy qotam yteedy yteeeody yl cheod or aiiroekey otchdy otey,1740,6:3,3
f105r,6.0,1,T,E,c,3,Marginal stars only,B,3,Y,Sequence of characters or numbers,par arody shedeeey qopchedy qody qoteody aiin yteody qokor olpshedy ysheeody ykeeos or aiiin shey qodaiiin qokeed qokeey saiin aiirody sheey oleeey or air qokaiin chey qokeedy qokedy oteedy lchedy oesal oeeolchy okeeydy okeey okchey sairy ore daiindy ytam,1741,6:0,0
f105r,11.0,1,T,E,c,3,Marginal stars only,B,3,Y,Sequence of characters or numbers,pdar shedy otcheos oiiin al tchedarchy fchos aiin polaiin polkeeey dyaiin yaiir yteeo dy qoeeody qoeedy kchedy qotchdy otcheey chey teeor ykedy ry dyteey qokdy chedy chedy qoked shedy qoteody cheedy ot,1742,6:0,0
f105r,14.0,1,T,E,c,3,Marginal stars only,B,3,Y,Sequence of characters or numbers,kesoar qoeeedy keeody dlls air shckhy oekeody cheody oeey qokeeody sheo lkeey lksheey ol aiin okeedy olkeeody lkaiin okeeol oteeol shod aral yteody oteeeos aiin odal oiir okeedy oral,1743,6:1,1
f105r,17.0,1,T,E,c,3,Marginal stars only,B,3,Y,Sequence of characters or numbers,lteedy okeeddl sheokedy qokedy shol kol aiirol qokchedy okedy qky sheoy oleedy al chedy okeeey chdaiin otedy cheoty oteedy chdy dsechey daiindy saiin chedy laiin okeeody okeeyteedy odaiin aiir al aiin chey teol ykair paiir olkaiin olfaiin odar al airody al teedar dam ycheo lkedy qoeey qokedy qokedal saiin shody chedy okaiin chekaim olkchokeedy ypair opaiin opail oteodl eeol aiin ylkaiin ols dchees opchey aeeodchy chefchedy,1744,6:3,3
f105r,24.0,1,T,E,c,3,Marginal stars only,B,3,Y,Sequence of characters or numbers,pcheor ain ckheey okeeey paiin ar aiiin chpaiikey sheo pcheey dam deeedy cheodkedy chedy decthdy daiiils airols,1745,6:3,3
f105r,26.0,1,T,E,c,3,Marginal stars only,B,3,Y,Sequence of characters or numbers,pdal sheey yqopchy airal sheey fchdy qopchdy raiir oky chdedy qodeedy qokedy dair cho al lal cheesy cphedy,1746,6:1,1
f105r,28.0,1,T,E,c,3,Marginal stars only,B,3,Y,Sequence of characters or numbers,pchsed sheefy opchey qoteedy qoeey qokeedy laiiin odaiin aiir opair kechedy oees olkeedy qockhy aiin chol okair oteedy qopchedy odaiin ypchedy ytam oleedar aiildy teey tair cheody qokolky cheolkary,1747,6:3,3
f105r,31.0,1,T,E,c,3,Marginal stars only,B,3,Y,Sequence of characters or numbers,kodeey lchl shx ar aiijy cpheesy okal lkedy lkar chedy qokaiin or fchoky ycheochy lkeol qkair olkchey qopchdy dair otar ar ajam okeeodair lkeey teeolteedy ot okal or aiiin qokaiin ar airod dor ail kar odaiin ykl al oees al ar alkam,1748,6:3,3
f105r,35.0,1,T,E,c,3,Marginal stars only,B,3,Y,Sequence of characters or numbers,ypchedy okaiir opcheedy qokair kal otar ol qokal kor orolpchey ofory dyteey otedaiin otar ol chedy ted qotar oteodar otam ytedy otaiin otoiir chedaiin otair otaly,1749,6:3,3
f105v,1.0,1,T,F,c,3,Marginal stars only,B,3,Y,Sequence of characters or numbers,polairy oair olpcheey ykaiin olpchedy opchedaiin dairody ypcheddy sairy ysheod ykeeedy keshed qodaiin oteodair or chkar otaiin chpor or otchy dshedy qoedaiin ytoiin okair qotol dol okoldy qokedy opched oteedy qotaiin olkeeol orchsey qokeedy chdor olar ol keeol chedaiin,1750,6:3,3
f105v,5.0,1,T,F,c,3,Marginal stars only,B,3,Y,Sequence of characters or numbers,pchedal qopchdy chedy okaildy opchedaiin opcheo olkeedy sairom dcheo fcheeody ckheey aiin al ar daiiidy otedy oteody ykaiin ycheeo lkaiin otair ol olkaiin okairody lchedr,1751,6:3,3
f105v,8.0,1,T,F,c,3,Marginal stars only,B,3,Y,Sequence of characters or numbers,fodal kedar olpchesd araiin ksheeol opchedy pchedy opcheddl pchdar air odar lcheey qoeees okairy otchedy ockhedy otchey or ail okam ky che oiiin kaiin okairo kair chedy odar air al oral odam roees aiiin ol okaiin aiin chckhodu qoteedy ckhddl aiir ypar kaiii'hdy ysheedy aiin okeol ykedor ar ar alkair otar otaiin otal tair saiin opchedy qokchdy otar al kair okees lkchdal,1752,6:3,3
f105v,14.0,1,T,F,c,3,Marginal stars only,B,3,Y,Sequence of characters or numbers,pchedaiin chckhdy qokaiir olpchedy olord aiiin tail odar kard chtchy ycheey kar otaiin ot al chdor kalchedy opchdy oraiin cheey chl okair aiin cpheor aiin okal chodaiin otaiin opaiim olr aiin chey raiin lkl dl lklor diiin olkaiin,1753,6:3,3
f105v,18.0,1,T,F,c,3,Marginal stars only,B,3,Y,Sequence of characters or numbers,pchor chedaiin okaiin cholkal qolkaiin oltchdy qopchsd opair orair karaim ycheey aiin otleey lkaiir cheeo taiin okeed ail kchey rokaix,1754,6:0,0
f105v,20.0,1,T,F,c,3,Marginal stars only,B,3,Y,Sequence of characters or numbers,porair chopchdy chedain otair otchod aiin alol cheo ypchedy kairodl lpaim ykeeo daiim sheey qokaiin cheot qoek eeykeody qopaiin or aiikam cheodaiin chedal air okaiin cheey,1755,6:0,0
f105v,23.0,1,T,F,c,3,Marginal stars only,B,3,Y,Sequence of characters or numbers,tcholkaiin odal kl chees aiiin shees qopdaiin chods alkeey paradam alcheey okaiin otar oto ckheol lkol fchedypaiin,1756,6:3,3
f105v,25.0,1,T,F,c,3,Marginal stars only,B,3,Y,Sequence of characters or numbers,kchdaldy alfo lfcheedy ofoiir opchey fchedy qotor oeeeodr qopar aifhhy dl lkl sheeodees otaiin otar otal or aiin chedor alkaiin chs alkaiin ry sheoe arxor eesy qopcheo ain orkchdy oteedy ko lkair otaiilody oeoar ar al odor aiil otaiin,1757,6:0,0
f105v,29.0,1,T,F,c,3,Marginal stars only,B,3,Y,Sequence of characters or numbers,tdol tor oaldar aiir okokeedy karody qoeedy sho qopchedy opairam dchedy cheey qokor otaiin otair otair okeedy kaiin aiin aiin sy ychtaiir aiichy dol aiin otaiin aiidy okchd otar,1758,6:3,3
f105v,32.0,1,T,F,c,3,Marginal stars only,B,3,Y,Sequence of characters or numbers,poar keeodaiin qoair ar aiphhey qoeedeody qokaiin qotedair apo rairapy lsheody tair oteeo otaiin okeey qokaiin or aiir al sheeo chsd qokeeey dair okaiin otaiin chedaiin olkal lkldain doee okcheeo taiin otcheedy chor aiin odaiin chedy otaiin al kaishd laiin sheod okeeody qoaiin ytaiin otair chdal dy daim chdaiin ockhhy yshey ckhy sheo qoeeo lkaiin chs tchdy sheeey okaiin ar aildy cheody oaiir ain okshey,1759,6:1,1
f106r,1.0,1,T,G,d,4,Marginal stars only,B,3,X,Sequence of characters or numbers,pshdar shoefy yteedy shal korchy sheky otchedy okshed qotedy qoted yteeody shedchy ytchedy chees otshes okcho chdy qokeedy ched chedy chedy qotar rod dshes lchedy lkchedy ytchdy or cheos,1760,6:4,4
f106r,4.0,1,T,G,d,4,Marginal stars only,B,3,X,Sequence of characters or numbers,pcheodair okchedy olkeeedy or arojy qopchdy sholfchdy cheeky lchedy qokam ysheor aiin char okaiin qokeechy checkhy qokeod ar qokeo lkeo lchorom shor sheor orkchsd otair or qokeeo raiin qokeeolchedy olchedy qokeol qoky olched qoiin ychedy qokam sheol qokor cheees,1761,6:3,3
f106r,8.0,1,T,G,d,4,Marginal stars only,B,3,X,Sequence of characters or numbers,porarchy orar ol kaiin shedy oteedy qotor qoteedo qoteedy dair okchdaim ychor chol qokain chocphol lchedy qocheo qokar,1762,6:0,0
f106r,10.0,1,T,G,d,4,Marginal stars only,B,3,X,Sequence of characters or numbers,pshoair lkeeshedy qokain cheoly qokedy lchedy qokedy otedy qotoky aiin cheol aiin cheokey raiin chokar cholky okeees aiin okeey lchg okeey lcheedy olkeey qokeeo dchedy,1763,6:1,1
f106r,13.0,1,T,G,d,4,Marginal stars only,B,3,X,Sequence of characters or numbers,pcheol sheokaiin otey qokeeor sheo aiin otchey pcheo ror aiin daiinopal ychol okaiin olcheey dolchedy otair otal chedy okeor,1764,6:0,0
f106r,15.0,1,T,G,d,4,Marginal stars only,B,3,X,Sequence of characters or numbers,podaroar oteeo lchor shol tchedy chotar opchedy opches aiin okchdam soin oin okain aiin arol ocheedy lkeeeody chedar otar chdam yochor lshedy qockhey qokedain or aiinchodar,1765,6:0,0
f106r,18.0,1,T,G,d,4,Marginal stars only,B,3,X,Sequence of characters or numbers,kshed dsheol qokeedy okeedy lkeedar sheopchy qopchy qotolchy qoty chdy otchedy qokeey shosaiin qokaiin okain cholkeeey ltal olcheey qotchoraiin ytaiin cheey qokaiin shaiin qokeedy sail chedy cheodal qochedy qokaiin olkeedy qokchedy cheo lkeedy chearaiin okain,1766,6:0,0
f106r,22.0,1,T,G,d,4,Marginal stars only,B,3,X,Sequence of characters or numbers,tshodair olkeees odain qokeedy opchor aror pcheeody daiir opchedy opchody ychedy qckhedy dair al qokedy shecphy qokchy otedy aror,1767,6:4,4
f106r,24.0,1,T,G,d,4,Marginal stars only,B,3,X,Sequence of characters or numbers,podshedy qokchedy lkechor otchodar cho lky chedar otaiin chkchedaram soraiin cheeo lo lchey qokaiin shedy okain shear qokain chees ykarain ycheeo lkeey,1768,6:0,0
f106r,27.0,1,T,G,d,4,Marginal stars only,B,3,X,Sequence of characters or numbers,tcheoky lkshedy qokaiin lky raiin chy rody chlar cheeorfor cheoly okaiin ol lcho rcheo raiin qokaiin chey chokaiin chear ar ol raralchl saiin chal chlal okal ykalaiin okain qokain ar okaiin char aiiny ycheeo lkaiin cho ror sheo kain shor aiiry sheo al kairam yshar chkar aiiiky ral cheol oraiin,1769,6:0,0
f106r,32.0,1,T,G,d,4,Marginal stars only,B,3,X,Sequence of characters or numbers,poral sho keeody qokain chckhy olteeedy qopcher al karchy qotedary ycheol chokaiin sheody chody qokaiin ar akair aiir okaly,1770,6:0,0
f106r,34.0,1,T,G,d,4,Marginal stars only,B,3,X,Sequence of characters or numbers,tcheorsho lkshey lpcheo ro lpchey oporaiin chpchy qopcheody qotarain okaiin choky lkar chdy lchedy,1771,6:0,0
f106r,36.0,1,T,G,d,4,Marginal stars only,B,3,X,Sequence of characters or numbers,psheodalo sheodal qotedy qotes aiin okalal shdy otaiin shedy tchodaiin tcheo dlchy,1772,6:4,4
f106r,38.0,1,T,G,d,4,Marginal stars only,B,3,X,Sequence of characters or numbers,pshodaiin opchy sh teeody shotchey yteey sholfaiin opchdy lchdy dol ycheool cheeey ol aiin cheody laiiin chekol cheey okchar aiin aloal shaiin ar aiin sheey lkaiin sheedy shedy qokal chey okaiin chdaldy dair alsheod shedy cholchedy cheol shory,1773,6:1,1
f106r,42.0,1,T,G,d,4,Marginal stars only,B,3,X,Sequence of characters or numbers,pcheodar shol kain oke'echedy qoteey shotchy qoty lpaiin shedy lar daiiral sheol otedy qokain okar cheor al taiin chekal otaras dshedy qoteey otaiin chy chealol chlchd aiin oty otair otaiikam sheedal okain okain otar kaiin chdalkair olkai? al keedy okal sotchdaiin shodaiin otedy qokeedy qokaiin ykar qokain cheedy lol ycheoar okain qokain char oky cheokam,1774,6:0,0
f106v,1.0,1,T,H,d,4,Marginal stars only,B,3,X,Sequence of characters or numbers,fsheda looin opaiiral oteodaiin chopchy otair kar alalor aiin aly kar al sheeodar chtain char otar qokar otar shed sheo keorain amchy yshedaiin shckhy cheokchy al cho lchedy ytain otar al chdy daly lody ycheoto lsheo aiin chcthy okain chdal chdam charam,1775,6:3,3
f106v,5.0,1,T,H,d,4,Marginal stars only,B,3,X,Sequence of characters or numbers,tshoar oeey qokain shypchedy opched qopchedy otaiin chepar aiin octhy dair ry shody kchedy sheody olkaiin shkar chody talshdy qokain kararo soy shealsho dy chain shol kain shokaiin qotaiin chodar ail loror oraiin cheo rol aiin otaiin,1776,6:0,0
f106v,9.0,1,T,H,d,4,Marginal stars only,B,3,X,Sequence of characters or numbers,tshodaiin sholkair orainkar aiin shtchy qopchdy qopchy lolkair shear ysheody cheol qodaiin ytain ychdy oltydy,1777,6:0,0
f106v,11.0,1,T,H,d,4,Marginal stars only,B,3,X,Sequence of characters or numbers,tchdys arshedy oteeody kshedy qotchdy qotar shedy qotedy opchy kaiin sham ycheey qoeeda chodain otalchdy qokaiin chokaiin chody qokal otal otam olkeealkchedy qoeeey ral al ytar shsy lchey ykaiin shy lkam schedy raiin char arshey chedy aiiin alkam,1778,6:0,0
f106v,15.0,1,T,H,d,4,Marginal stars only,B,3,X,Sequence of characters or numbers,kcheoakar shedy qofchdy otshedy qokchdy qotshdy qokchdy kair alody sarar okear aiin chotal shody qotchdy qotar shedy chodal chedy qotam salar sheodar okain qodaiin chodal,1779,6:3,3
f106v,18.0,1,T,H,d,4,Marginal stars only,B,3,X,Sequence of characters or numbers,pshodalos qokshdy qokshy opchdy qokshd ar shdar oeedy qotaly dairy darshy otaiin otal chedy ain olaiin otaiin sain,1780,6:0,0
f106v,20.0,1,T,H,d,4,Marginal stars only,B,3,X,Sequence of characters or numbers,polchs lkaiir shokar choefy shor qokor sheeo kolch'es okcharain ycheo lkaiin cheo lchdaiin osaiin okal sheedy qokchedy,1781,6:0,0
f106v,22.0,1,T,H,d,4,Marginal stars only,B,3,X,Sequence of characters or numbers,tshod qokchy qokaiin okshy qokar shedy shey qopshedy shdykairylam ol kalol shar chor okal chdy chol chedy qotaiin or aiin okeedy qokain soraiin solshedy qokchdy qokol chdaiin chdal air odl charain okaifhy sheol chol shar chol okarol,1782,6:3,3
f106v,26.0,1,T,H,d,4,Marginal stars only,B,3,X,Sequence of characters or numbers,tar air kshdain okal chdy lchedy kshar chopchy otches aral opchdy olcheo odaiin sheotal shoor qokeey oarar,1783,6:3,3
f106v,28.0,1,T,H,d,4,Marginal stars only,B,3,X,Sequence of characters or numbers,psheody olkeedy qokor sheos choty qotaiin oteody otaiin qokar otydy ycheey olchey chedy qotaiin cheos otaiin otain chotar olos aiin cheog otaiin okochey qody oeesysarx okeey oteedy ksheody qokeedy qotokody sheeyko shody chosaiin olcham,1784,6:0,0
f106v,32.0,1,T,H,d,4,Marginal stars only,B,3,X,Sequence of characters or numbers,polos shdair sheky keedy qoeedy qofchedy sair al pchedy ypodaiin saram choaiin ody qotar chey ol aiin chey dychy,1785,6:4,4
f106v,34.0,1,T,H,d,4,Marginal stars only,B,3,X,Sequence of characters or numbers,pchodaiin kcheeor al ky shcthy otos ar odal pcheody qotaiin alodam shody shockhy qokeey qokcho kchedy shdy kchedy chedy qockhey okaiin al sol sheedy qokaiin cholkaiin,1786,6:0,0
f106v,37.0,1,T,H,d,4,Marginal stars only,B,3,X,Sequence of characters or numbers,pyoaly cheo aiir al kcheodar qodaiin shcphoor shedy otedar opol fchedy odr okcheody qokeey otchey qokeey qokeedal qotchkeey qol rody raiin oty qokaiin chey kar,1787,6:3,3
f106v,40.0,1,T,H,d,4,Marginal stars only,B,3,X,Sequence of characters or numbers,ko sheody qody aiin dair air opchedy pchdy kolchedy tcheodar podkor otedy qoar cheey kaiin qokeeody okaiin qoteedy choty,1788,6:0,0
f106v,42.0,1,T,H,d,4,Marginal stars only,B,3,X,Sequence of characters or numbers,py chal shedy qoteedy cheyky okedaiin otedy odaiin chdy chy keedy lkey chedy okeey qokeedy okeey sheey qokaiin al al kalos chedy dkaiin chcthy cthey chey okal chey keeyrain okeeo otaiin chedar oteedy oty ysair okeey cheodain chey tchar oqotaiin oty rasal aildy ytar okain cheokaiin chedy okeeey chkaiin ol oky raiin cheoar chos dcheoaiin shky,1789,6:4,4
f107r,1.0,1,T,I,e,5,Marginal stars only,B,3,X,Sequence of characters or numbers,pchdlar sheolor ykeeol qokchy okeesodar tarair otaiin ytar dchey qoteos aiin shedy oteed qor aiin cheockhy olkeey qotain chey qeeey lor olcheey cheos qokeeey ycheedy qotain ykain okeey raiin,1790,6:0,0
f107r,4.0,1,T,I,e,5,Marginal stars only,B,3,X,Sequence of characters or numbers,teeody chedain qoteey qokar deeoltedy otar ain chady otokcho qoked okchedy olkchedy tedy oteeey okchedy qokeed qokear chedy chokchedy qokain ar okcheey qokeedy chotchedy daiinar lteey chedaiin okchey otaiin ytaiin cheotchey okaiin chckhy okeedy otcheey,1791,6:0,0
f107r,8.0,1,T,I,e,5,Marginal stars only,B,3,X,Sequence of characters or numbers,torshor sheeey oteeol qokeey qokedy lkaiin qokaiin qokar al okiroley okaiin sheey tcheol kain okeey chedy okeedy chdykchedy chey kain an yteedy qokeedy okeol lchedy qokal lor sheal cheedaiin chey sair alo cheeo cheeol qokaiin ytain keeol oraiin okaiin okar okaiin otaram chol chol loraiir aiinal,1792,6:0,0
f107r,13.0,1,T,I,e,5,Marginal stars only,B,3,X,Sequence of characters or numbers,polchls aiin sheky qokaiin opchal shedy pshedaiin otodal shedy otaral cthedy lshedy cheolchear or alam chtaiin otarain chey qokaiin otain ychol chey qockhal ch'al otaraiin sheky okeeey raiin airal tolshoror olkeedy qotaiin otalar opcheol qeeoy shey kair otaiinam sair chey losaiin chey,1793,6:4,4
f107r,18.0,1,T,I,e,5,Marginal stars only,B,3,X,Sequence of characters or numbers,poalosy shey tar aiphy arsheey fol rolchy sheey opolkaiin ypaiinal oaiin ol rar sheey ylar aiin cholal dy cheeody okeeey cheodaiin aldy tcheol kcheedy,1794,6:1,1
f107r,21.0,1,T,I,e,5,Marginal stars only,B,3,X,Sequence of characters or numbers,taror olal okain okaiin qotal shaiin qokeol lkaiin okeeo lkaiin aiin yksheol okaiiin shoikhy qotalal lshedy qokal aiiin okair lldy chodaiin shar chodaiin,1795,6:0,0
f107r,24.0,1,T,I,e,5,Marginal stars only,B,3,X,Sequence of characters or numbers,pal alchky okil cheol kair lkain qokeeo kair aiinpchod lkaiiin olfy ycheain chal kal chedy qokaiin chody qokchdy qokal char chdalal om ol cheor shey cheey olcheol kaiin otair okal cheody,1796,6:3,3
f107r,27.0,1,T,I,e,5,Marginal stars only,B,3,X,Sequence of characters or numbers,pydar aiirod qokiir otiir ofchedy qofchedy qofchol chkaiin chpaiin orol kar aiin chl cholor sheees aiin cheey otchy lkaiin ykaiin ykalkal olkeeolkeeo ar shol,1797,6:3,3
f107r,30.0,1,T,I,e,5,Marginal stars only,B,3,X,Sequence of characters or numbers,pair aiiikheedy shalkaiin kairy okaral qokaiin opaichy opal rary ky sheol chdy okaiin sheykal shy kl al kal chdy aiin chain yols salxar shy qokaiin okal qockhedy okr aiin otar qocthy rolky yaiin chekain cheo kaiin chey qol kaiiin chky lcheel lkar okal,1798,6:0,0
f107r,34.0,1,T,I,e,5,Marginal stars only,B,3,X,Sequence of characters or numbers,pairar al oro lkeey qotal cheotain okaiin otaiin otar opaim shl lkeeol lchedy qokor lkaiin chedy qotaiin al ol kaldaim alchor kcheo rkeey chaiin al qokchey qokl chey lkaiin lkar ychklkaiin chckhy cho olkain,1799,6:0,0
f107r,38.0,1,T,I,e,5,Marginal stars only,B,3,X,Sequence of characters or numbers,poaral orar ofchey qoteedy qotaiin opchedy qokchey otlchdain aly tair cheol cheol kchekain cheear ol cho lkain al oeedy chey lolkaiin chey qokaiin chal aiin okaiin olkar otair okal okal qokaiin ar ockhey qokal otal otam,1800,6:0,0
f107r,42.0,1,T,I,e,5,Marginal stars only,B,3,X,Sequence of characters or numbers,pcholky sokeey aiin ykchey paichy okeey tain ar arodl kairam okeear aithy sheody ykchedy chykaiin otal taiin chotaiir aram ycheodain okeey qokeeody qokaiin,1801,6:0,0
f107r,45.0,1,T,I,e,5,Marginal stars only,B,3,X,Sequence of characters or numbers,podky chedy qockhy qokeedy qokokil chees opal kaiin otaiin otaram cheey qodaiin qokaiin ol cheor aiin otal taiin qokaiin otal alkal okain cheey lol loeey oiinal,1802,6:0,0
f107r,48.0,1,T,I,e,5,Marginal stars only,B,3,X,Sequence of characters or numbers,fairal chkal lky otain ar kalkal qotain oty lky otaiin ytaiin om alain aikhy chkain okair chtl lkaiin okair chtl raithty chain al lkeey chol taidy qotaiin taiin lkl lfchal pchdy pal tar ain chol ol cheey otal otal ol otchy qoky otaily,1803,6:0,0
f107v,1.0,1,T,J,e,5,Marginal stars only,B,3,X,Sequence of characters or numbers,kaisar olkeeey otalkchy lkaiin otody qokair lkal chey chody otal cheey dckhy ol chkal qokedy otal chedy oteos aiin otar alkain ol sain ain aiiin qokaiin shol kal qokar al ochedy lkaiin otal olkiir alody dain okechy qokain shocthy otaiin alkaiin,1804,6:0,0
f107v,5.0,1,T,J,e,5,Marginal stars only,B,3,X,Sequence of characters or numbers,tol sheockhedy qotol chdor otechdy teol tedaiin opchedy qopchdy ytar aiiil paiin okaiin qokaiy olkeedy qokeey qotaiin oky lkal otaiin aiin qokaldy taiin cheockhy chain qokain,1805,6:0,0
f107v,8.0,1,T,J,e,5,Marginal stars only,B,3,X,Sequence of characters or numbers,polcheolkain qokair okeol qokol qokaiin opcheol qotedy ltedy otedam saiin shey kedy qokain qokedy qokaiin lkaiin qoky lkal tar aty shodaiin shey qokair qokaiin chokedy tain shedy,1806,6:0,0
f107v,11.0,1,T,J,e,5,Marginal stars only,B,3,X,Sequence of characters or numbers,tshedy okal shedy qokchey chky qokeey qotaiin qoteedy qopchcfhy qokeey lcheol chol kaiin olkal shedy qokaly odar choty qokaiin otam ycheey qokain ockheody qokair otal qokaiin otal shocky qokaiin dalam shaiin okaiin qokar qokal qokal cheody qokain okchdy dlkal solain qokal okeey lkaiin okain chkal otain chcthy tarairy,1807,6:4,4
f107v,16.0,1,T,J,e,5,Marginal stars only,B,3,X,Sequence of characters or numbers,parair okal opchol okal opaiin otedy qokeody tolkol lkar aiiraly saiin or ykeear chckhy okaiin okal qoklaiin cheol qokar chey lkam qokain qokchey qekchdy okaiin lkl chol raiin otaiin alkaiin soral olaiin chor okaiin chkain okaiin,1808,6:0,0
f107v,20.0,1,T,J,e,5,Marginal stars only,B,3,X,Sequence of characters or numbers,palar or air kalkal okaiin chpal cheody qopchedy pcholkal opalkam taiin ol kaiin chol kchedy qokol ain air kaiin okal otar otalal alol olaiin olkal chol chdar,1809,6:0,0
f107v,23.0,1,T,J,e,5,Marginal stars only,B,3,X,Sequence of characters or numbers,palchar ar akaiiky char raikchy opchain opalkar otal otar alky dain olaiin chol olkain lkaiin,1810,6:0,0
f107v,25.0,1,T,J,e,5,Marginal stars only,B,3,X,Sequence of characters or numbers,kaolkar kolkar okeol qokeor al tody opchey oty al ky pchey rag oraiin sheor qokain cheody qokain otal okaiin olkeeo ar al oldy okain okchey qokshy lkshedy taraiin sho qokor cheey qokam cheor cheol lcheedy raraiin,1811,6:0,0
f107v,29.0,1,T,J,e,5,Marginal stars only,B,3,X,Sequence of characters or numbers,tolkeeedy okeol cheody qokeey qokchedy qotyshey qcthhy lty ltam okain ol okaiin lkeody otaiin chol lkaiin lkeeey qokaiin chey qoky sokod chey lkaiin chedy qe okeody qokeedy rary,1812,6:0,0
f107v,32.0,1,T,J,e,5,Marginal stars only,B,3,X,Sequence of characters or numbers,tay oaiin okeeody okaiin otaiin otchey qokaiin otedy qokam orain chol qodaiin odain aiin okain chkaly raiin kaiin aldy dyair chey lkchy lchedy raiin sheey,1813,6:0,0
f107v,35.0,1,T,J,e,5,Marginal stars only,B,3,X,Sequence of characters or numbers,polchedy olkeey lkey chcthy lkar shedy qokaiin chedy qokeedy lol tol chey lcheor sheol qokaiin olkeedy okar ar olkain odain,1814,6:4,4
f107v,37.0,1,T,J,e,5,Marginal stars only,B,3,X,Sequence of characters or numbers,poraiin kal chedy qolkeey lpcheedy qokol rol keedy okaiin otary dain okchey qokchey qokaiin olkeey qokol lkain okain cheor olkaiin oain cheary raiin okoiin odaiin okaiin chokeey qokey qokaiii lor aiin aiily,1815,6:0,0
f107v,41.0,1,T,J,e,5,Marginal stars only,B,3,X,Sequence of characters or numbers,pokar ar okeeo cheey qokchey lkeeo lkeedy qokeey lkain or ain oloeeey qokain,1816,6:0,0
f107v,43.0,1,T,J,e,5,Marginal stars only,B,3,X,Sequence of characters or numbers,pol keeeo kaiisr qokeey chckhy lkchaly lkeey opchey rar aiin cheokaly kaich air arody qokeey qokeey,1817,6:0,0
f107v,45.0,1,T,J,e,5,Marginal stars only,B,3,X,Sequence of characters or numbers,porain okain okechdy keeedal shedy okeeolkcheey lkar aiin al soain aiin chey qolaiin al chedy kedy qoteey qokeeylkain cheey qokeey okeoteey qokey qokey qokeey okeey odain oteedy qokey qokeedy chody chey qoky otain chey aiinal ycheosaiin oekey chey qokeey cheey dy qoy,1818,6:0,0
f108r,1.0,1,T,K,f,6,Marginal stars only,B,3,X,Sequence of characters or numbers,teodeeor qopchety okeeoly okchdpchy todai'hx opar yo lpair ody otedy kedydy qokeedy chokedy chockhed qokeor shedy otal otaiin otedy qokechy ofchdy qody cheodchy qotecir okedy oteal lkedal okedy otedy okedal chckhedy chokedal ychedaiin shky chdy oteeody chedor sheeky,1819,6:3,3
f108r,5.0,1,T,K,f,6,Marginal stars only,B,3,X,Sequence of characters or numbers,tchokedy chey okeey lkedch'edy okchecf pchofar cheo pchedy qotedy ol cheol qo qokeey qokeey qokeedy sheoky otedy qotey qokchey chdar aiin okchey okedy qokchedy chedy qokedy okar chdy okar char chkaiin chsy,1820,6:0,0
f108r,8.0,1,T,K,f,6,Marginal stars only,B,3,X,Sequence of characters or numbers,pochedy shy shokeedar al kedal chokchy qokar ch okeey qaiin okeedy qetam cthey chedain chedy okedy lkedy raraiin qokar otal kedy ar air ockhedy taiin shkeedy qoteey ykeol ykeedy chekar qokeeodaiin okeyty ody teodeey ar aiin okeey qetchdy oteeody okaiin ykeeo dain otalaiin oly tshey okchey dain aloiin ocheey qokaiin chlam okaiin okal kain alam raiin ar ail odaiin,1821,6:3,3
f108r,14.0,1,T,K,f,6,Marginal stars only,B,3,X,Sequence of characters or numbers,polchal shol qokar shedy pcholy qokal opchdy ofal shor qokaiin otalod orain cheey chey qokeey chedy okchedy qoeedy qockhey iirain okain saithy olkaiin chckhy,1822,6:4,4
f108r,17.0,1,T,K,f,6,Marginal stars only,B,3,X,Sequence of characters or numbers,fcheokair okedaiin chedy qokeed okain chdy laiin ofar chedy tedam okeedy lkal ykchedy qokol chedy qokedy lkedy okalo chedl dchedy okeedar shchy kedy okeedy chal raiin otedy chtal om dain chey qokeedy cholcheey dalkar okedy,1823,6:0,0
f108r,21.0,1,T,K,f,6,Marginal stars only,B,3,X,Sequence of characters or numbers,qolshy qoeedy lkealshedy shokal keedy qotedy qopchedy otal dkedam dcheol shol qokaiin otal ol shedy qokey chey lor aiin okeeam ykeol chey okain charain,1824,6:4,4
f108r,24.0,1,T,K,f,6,Marginal stars only,B,3,X,Sequence of characters or numbers,folaiin c'hkhy qokal lkedy qotedy qoked qotedy okal chdar al char aiin cheeor aiin okeey cheol chedy opchsd opchedy alkedy al lkeam ol rain al dair okal chedy qokeedy oteor al qokedy qokedy otaiin otedar chalkeedy ychedain orcheory qoaiin okeey qokeey chdal okedy qokedy okedam chdy sain arolkeey qoal olkedy okaiin,1825,6:4,4
f108r,29.0,1,T,K,f,6,Marginal stars only,B,3,X,Sequence of characters or numbers,polchedy okedy qopchedy okeolkey teedy qotaiin otedy okeedy otedam ykeol chedal chokedy qokedy okchedy saiin alkan,1826,6:4,4
f108r,31.0,1,T,K,f,6,Marginal stars only,B,3,X,Sequence of characters or numbers,keol sheody qokedy qokeedy qokoy qoiiedy otedy qokedy qokedy qokal ykedar chedy qokey lkeedy otedy okedy otedy otal shol alodar or alold solkedy okchd qokedy okedy okeol chdy okar okedy okedy chlar ycheol chckhy qokedy okain,1827,6:4,4
f108r,35.0,1,T,K,f,6,Marginal stars only,B,3,X,Sequence of characters or numbers,pychory opchey lkeol chdar shedy qofchdy opalal cheedy qokalchdy opchdy okechy okeol okeedy cheedar okedy qotal chdy chedal chedy,1828,6:3,3
f108r,37.0,1,T,K,f,6,Marginal stars only,B,3,X,Sequence of characters or numbers,tchedy qokey okeey lkeey chedy cheokeey qokeey chedl al lkair alkeedy ram dcheeody cheedy qokeedy otedy qeeey chey,1829,6:0,0
f108r,39.0,1,T,K,f,6,Marginal stars only,B,3,X,Sequence of characters or numbers,poro tedo lchdain qokar otedy otarar yty sho qotedy oteedy okedy okor aiin okeedy qokeedy okeeom cheykeeed chol qekeey or aiin chckhom sheedain qokeedy chokeedy qoteody keesho chedy keedal as keodky okeey qokeey qokeedy qokeey chedal chedy qokeey okeedain otain oolals olke?y lokeey qokedy ol kechy chedar olal oedy qckhy cheam ychey chey okar charam otam cheody,1830,6:3,3
f108r,45.0,1,T,K,f,6,Marginal stars only,B,3,X,Sequence of characters or numbers,dain sheckhy okeey lchedy okeey qokedy chedy dalkedy qokedy yteedy qokeed qokey otedy okedy qokaiin cheodar cheey qokedy al yched chockhey dain sheol okedy lkeedy oteedy qokeedy ched al keam,1831,6:4,4
f108r,48.0,1,T,K,f,6,Marginal stars only,B,3,X,Sequence of characters or numbers,pcheedy qokeo okeol keol dain ar otedy qokedy qokeedy qokeedy lchdy oteedy lchedy qokeedy qokeedy qokeo lchedy qokey qokeey lkedy lkedy qokeedy lchedy lkaiin chdy qokey okedy okaram chdar ar okam,1832,6:4,4
f108v,1.0,1,T,L,f,6,Marginal stars only,B,3,X,Sequence of characters or numbers,pchedal qokeedar otedy qokeedy lky ltal aiin oteo fcheey otedar ol shal qokedy qoeechy okain checkhy lkeedy qokeedar araiin okam ssheedal ol lkedy lkeedy chedalkedy lkeedy qokechedy otedain lol dchedy shedy qokeed qoteedy qoteedy arain al keedy,1833,6:4,4
f108v,5.0,1,T,L,f,6,Marginal stars only,B,3,X,Sequence of characters or numbers,polaiin okedain okal otchedy qokeedy raraiin keedy qokar qokal dam oeeedain chey lokeey lchedy loety qokeedy qokeey qokar okeedy kedarxy,1834,6:0,0
f108v,7.0,1,T,L,f,6,Marginal stars only,B,3,X,Sequence of characters or numbers,pchedaiin okedy otedal lkedeed okedar okeey qoteol lkedy otey raiin ysheedy okeedy oteedy qokeedy okeedy okeedy chedal okar qoteedar oty qokeeo chedam chlal okaldain sheed lchedy keedy ched kel cthdy ol cheey leedaiin shckhaiin okeal okar aralor om shee kaithy chectham sain al keed ain olkeeed qokedy lkeedy cho lkain oteshy shedy deedy,1835,6:4,4
f108v,12.0,1,T,L,f,6,Marginal stars only,B,3,X,Sequence of characters or numbers,tshedky sheckhy akey sheey teeody qokedy qokeedy shok ar aiin okeey tedam cheol qokeey qokeedy qokeey raiin chckhy okeey qokeedy okedain aldor qokeey lo aiin chey keear ral olaiin chedy,1836,6:4,4
f108v,15.0,1,T,L,f,6,Marginal stars only,B,3,X,Sequence of characters or numbers,pcheor okear sheey qokeey ykeealkey rar aiin opsholal shedy ofaramoty okeey lshey qokeeal lkeey okeol okedy qotal sholkeedy chedy qokain teedu qokeey lkeed chedy qokeeos sheol tedy qopchdy qokeshdy kedar otal raram okeey keedy okeal cheykedy qoeedy lo rair cheey ol aiin qokeeol olcheeey lcheam,1837,6:4,4
f108v,20.0,1,T,L,f,6,Marginal stars only,B,3,X,Sequence of characters or numbers,polkeedal sheo kchey lotedaiin otedy opchedaiin otshedy qotey aiin ol shol olkeeey lky chedar chey kechey qotedy otedy oteedain cheody llod shey sheey dain alsar sheeo lkain shey cheeegaiin oloeeedy otaiin al qokeeor okeey qoeey chodaal checthal cheeky otar aiin chckhy lteedy chekeek checkhy ol ain odar sheey tchar okeedaiin oram sheeol okeey kaiin okaiin ol lchey ctheo aiin cheey qokeey qokeeaiin al sair okeaiin cheol shedy qokeeey dlaiin ar or lkar char aiin okal ldyr ls lcheal lkeeey okar ar ain olcheees ol cheal okaiin ykar al okalam paror aiin shedy qokey qol eees aiin lal lkeeedy otain sheey chol tan al chey cheol chedeey qokeedy chea?,1838,6:0,0
f108v,30.0,1,T,L,f,6,Marginal stars only,B,3,X,Sequence of characters or numbers,polshedaiin qokeoy keol chokeol qotedy qoteedy raiin shedy qotain oteedy ol cheol shed qokedy qokedain checkhed qoteedy otedy qokedy okeea kam dain shedain qokedar olkeedy qokeedy shedy chedar chedy oteedy qokam sain ain chey lchs shed qokeedy qokedy qokeedy cheedy qokeedar oldy tolshey ochey qokeey qotedy choteey qokey cholkeedy lkedy lchedy qokeey chedy lchedy sholkeedy qokeedy chey qokeey qokeedy oteedy lchedam shechy qokedy qokain chor chal chal chedy dain alal keedy otalys sain sheor sheey sheckhey qokey shey lkain shedy qokain dalam dsheol qokeedy qokeedy chey qokeedy qokedy sheckhy lkedy qoteedy otam sain chey lkedain chey rar ain al chear olor chedaiin chedy rl sheeal qokeedy qokeedy qokeedy qotey qokeey qokeey otedy qotaiin dshedy tedy checkhey sheeky lsheedain shear olkedy chy kar tar otaiin ycheain chey lcheal qolcheedy qokeedy okeedy qokey qokeedy qoteedy shodain cheal shedy rcheetey qokeey cheolkeedy cheol chedytey okeearam shey qol lchey shey qokear shey qokeey lsheey sheey qol cheekeey lchg sheol shedy qokeey chedar sheal qokeedy qokeedy qokey sheey qokeal aral saiin sheeain qkain okeey qokalor cheol keol chedy qokeey qokeey ral ycheey qokeeey shedain qokeedy qokeey okeedal okeol lkeey lchedy lchedy dair al checthy qol eeedy chckhey olchey sheey qokeeey qokeedar al keedy saiin okain cheey lkaiin cheal cheol keear qokeedy qokeey checkhedy qokal oam dsheey cheol teedar okeedy qokeedy checkhy aiin okeey chey qokey ssheodain qokeeo okeey qoksheedy char air okeey qokeeolchey olkeey okeey lar saiin cheol qokeedy qokeedy chedy qokeey cheal llchey okeey qokeey olchar ol chedy lshy otedy,1839,6:4,4
f111r,1.0,1,T,M,u,6,Marginal stars only,B,3,X,Sequence of characters or numbers,kcholchdar shar aiip chepchedy chetalshy sheek shear shey ror shey sheeky okeey okeey qaal shedy okeey shedy chcthy lcheol oteeam dsheedy lkeedy chckhy lchedy qokeey qokear chal qokeear cheokedy lokam saiin oteedy qokeey okedal chedy qokedy shedy chctchy okeey lor ar saiin sheekshy ol shedy chokchey lkey otain,1840,6:4,4
f111r,6.0,1,T,M,u,6,Marginal stars only,B,3,X,Sequence of characters or numbers,dain shedy qoky chedy qok shed olchedy qokeedy teedy chdy keedy qotchedy dary sshedy qokeey checthey oteedy lchedy chol sheeol qokeody raiin otedy otar aiin om chedain cheedy qokeey qokedy chckhhy otshedy lkeeol lkeey qotchdy ycheeodain okeeo olchedy lchedy qokeey okeeedy okain chedy chedyteey lam ykeedaiin shekain shedy qokear ochey reeey qokeey olaiiin chedy lkeeody oraiin oty dshey lkeedy lkeedy cheedy oteedaiin sheedy ar aikhy shkaiin chey daram dsheeo qokeedy otchedey lshey lkeedy qokeedy oteolair ar shedam cheam qosheo lchdy lshedy olkeeedy lr al chr or dain shey arain chey teey cheodaiin dchedar lchey ykeeeos aiin shear oteedy tedam pchedey chedy lchedy sheeodar aiin sheey shey oteody oteedy chey otedar tar pchdam dchedshey qokeedy okeodain shet sheota? oteal tey lkeey sheedy shtar keedy otes lchey lshedy qoteedy olcheody qokeey chey kal chekeedy oteed keedy otam shecthey oteody qochey qokeey chey teey qokeedy qokeedy cheol lokeedy lched saiin okeeol qokeedy lchey lcheoekam oaiin qokeeodar checthdy qoted loty qokeey qokeey lchedy checthy chedey cheol teedy okeedy qokeedy okeey cho ol kai okar ain teey ox shey chey ky deedy cheo dain sheet ar al cheotydy ssheo keedy tched checkhey qo ain qo chedy qokeor okeey keo cthedy qokey dshey sheeckhy qokeshey keeshody qokeey qokedy okain shekal okechedy qokechedy sain chckhey cheos lchal lkechey okeey lkechedy oteodain char lky lchr ainai so sheor okeedy oteeey qokeey qokeeo chedar alal oikhy oxar aiin odaiin chody soaiin shecthy oteodaiin chedy otedar air shedain chedy qokeedy qoteedaiin sheod qokeey qokeody otey lkeedy chl lkeey chedar chedyteedain olkal qokeeol shedy qokeod cheokeey sheokar shekeey qotees al dain chedy qotain alam salkeedy lkeedy chckhy rky chey okeeo chr al ar qokeedy qokedy qoteedy qod qockhedy qokeechy qotchey chtar ar chkeey lkar aiin chedy qokeey qoirain sheotchedy shedain shkeyqokeaiin shkeody qokeey qokeedy chkal checthy dsheeoteey qokeeo tear qoteey qotain cho lkeeedy lchechdy qokechy qoeeeo ain ar ol lkair cheda chkal keeodal eees chody qokeedy dl teo olkeeo al lkeeey olain ar akeom qokain al qokeeod lkedlkey teedar chedl ar aiin aiy dam,1841,6:4,4
f111r,36.0,1,T,M,u,6,Marginal stars only,B,3,X,Sequence of characters or numbers,polal shedal pchedy qofchedy pykeor cheefy qopchey opchedal lfchedy pchal dain chol cheeol keeol lkeeedy qokeey keedy kedy okeal kain chckhy ltedy dched al okeey kechedy chcthedy chedain otedy qokeedy key ltain saiin chckhedy okain oteain shok qokechdy okechedy chedy qokeey cheamar saiin al okedain otedy qokeokedy qokeedy oteeolkeey okeeo lainal ycheey raiin cheody qokechy qokeey okedy lchedy qokeeal otaral qokeol qokal qokeeol cho lkedy chedy chedy chedyteokain chedy kag okeedy lkeedy lkedar okeedy chedy,1842,6:4,4
f111r,44.0,1,T,M,u,6,Marginal stars only,B,3,X,Sequence of characters or numbers,pchedar oteeol lkeedain okeam sheo teolkedain shal lteeal cheal oty oain ain keeey teed checkhed iir okeey lkeeey okeeo lkeey lkeey lkeedy qoky cheeo lkeey oteed lkeedy okeeshey chey lkar al olchal or aiin cheom sheedy qokeey sheey qoteedy qeear al chedy okeey chedy,1843,6:0,0
f111r,48.0,1,T,M,u,6,Marginal stars only,B,3,X,Sequence of characters or numbers,poeokeey lkeedy tedain shecthy qokeedy chckhy lfchy cheal chepcham daim dcheey keeey qockhey qokeey lchedy keeor okeey lkeedy lkeey qokaiin ol okeey chedy cheekain qokeeokain chckhy cheal keel qokain chckhal lkal,1844,6:0,0
f111r,51.0,1,T,M,u,6,Marginal stars only,B,3,X,Sequence of characters or numbers,polkeeo shey cheokeain chl kar aiin char ?ain al lkeedy qokal okchy dair al qokeey qokaiin sheal qokeain shckhy sain chckhy char aiin alom yshe aiin okshdy shkeey kain chaiin alolshey qokaiin chcthydain tair chckhaiin dair qokal otain okal,1845,6:0,0
f111v,1.0,1,T,N,u,6,Marginal stars only,B,3,X,Sequence of characters or numbers,koshey qokal chckheal opcheodair alkain sheokain cheok okeal shedy ralchy sheekeey cheol keedy qokair shecthy qokeol okechedy qokedy qopchedy qokedam chy dain chedy shedal otedy chedy qokeey dain chcthar otar qotain otaim chey chokedair air alo lshedy qotedy qokedar oteedy okedy chedy lkam qokeed aiin otedy qokedy chedy qokeey qokeedy qokeol shedy qotedal lol okeeo okchor oteedy cheal qokeey lkeey chol kaiin oteedaiin as alkeedym qokeechey qokaiin oteaiin fcheeo kain okeey lcheedy otal kain chedain al sho otchey cheol kechy chcthey okain ol qokain checkhy chedar lshey shedal okear kedy cheolkeey lkey okeey qokeey qokey qokain soiin shed qoksheo lor cheo lol aiin shey qokain chear qoteol shcthy ldy lcheey shear aiin sheear otain otedy qokain chedkain shedaitain shalg qear ain shey okeeey qokaiin checkhy sho lchal sheey shckhey kshartar sheaiin okaiin shckhy cheol kedy chetar okaiin shal lchdal tedy tar amd qocheol qokain chear ol oin shedy qotaiin qokeechy olkeey lkain lal gm shey otain qokaiin al kain chedy otal lchedy qokain chtal otain qokain sheol qokain shckhey lchedy okar al qotal shedy otain far aiin solkain shey okaiin sheey qokain chkal chckhy saiin ar lchal she otain tais shedy qoeedaiin okain c'hhey kaiin shey otain alkain ol dain qokaiin cheal tain qokain shey qokain char shcthey qoky chy qokaiin shain qokal shar qoteal qotain chedy qotain shcthy qokshedy qotain ar sair air ain qol rar ain cheey lkeey lkain cheokain sheo qo qokain chear alam saiin ychear olsheey chetain chedy qokain okain al chan okalchey lkeeey qokaiin sheckhy qokar chalkain chckhedy lcheol okaiin qokain cheol lam cheodain qokar otain chedy lkain chey shckhy qokl chedy qokar chctham tair alchedar shykaiin chd??,1846,6:0,0
f111v,26.0,1,T,N,u,6,Marginal stars only,B,3,X,Sequence of characters or numbers,polar ar okshey qokain chey kal keedy qopchedy qopchey ltchs alpchdar ol sheey tsheey alkar sheey otain shy qokl chey qoklcheor ldar llo qorchain okain chear lkain,1847,6:0,0
f111v,29.0,1,T,N,u,6,Marginal stars only,B,3,X,Sequence of characters or numbers,polkiin cheopaiin otain shedy pchedy opcheedy qokain chcfhey otchey lldy shokar okeokain sheekain qokain chechey qokeey qetain otain ar lkain lky,1848,6:0,0
f111v,31.0,1,T,N,u,6,Marginal stars only,B,3,X,Sequence of characters or numbers,pochey oteain chekain cheal lain chey qokain chey lkain chal ldy llm tar chey tain chkar alkar chey qol chedy okain chey cheey charan sheeil ?oair ain okan sheain qokan chan aman cheal char,1849,6:0,0
f111v,34.0,1,T,N,u,6,Marginal stars only,B,3,X,Sequence of characters or numbers,polar okar teody qokain talol tarol opchedy qotar otar chtal sam oain okaiin chcthy lkain lchey lshekain qotal shedy chkeey lkeeed lkain shain okaiin chey qokar ar ar ain olr ar olor,1850,6:0,0
f111v,37.0,1,T,N,u,6,Marginal stars only,B,3,X,Sequence of characters or numbers,polchey lkarshar ykain qokain shalky dy tor chey keedy lteedy aldl ycheey aiin checkhey otain qotl chear chedy qokeey okeedy lkeey dsheey qokal chedy chcthy qokain chedy lkeey shey qokain chedy lchdy ykeeey lkain chckhy chokain chckhal sheckhedy qokeey qokeedy lchsl chedy teeedy lkeey oteedy okedy chedy qokeey checthy qotal cheeo chear qokeain okeeor cheedy okain chedy chedy teedy lcheam ycheo sheeky chokeal sheekar okaiin otain chear alo laiin chotag dain teeodain cheeal olaiin or,1851,6:4,4
f111v,45.0,1,T,N,u,6,Marginal stars only,B,3,X,Sequence of characters or numbers,pollaiin okain sheal pchedain opchey polshy okshey opchedy qopchair alky sol chey lkeey rolkeey chckhy okeeey lchedy lkeain checthy qotainaly sain cheey qokeey cheytain olain ykeeedy chekain chckhey lchar,1852,6:0,0
f111v,48.0,1,T,N,u,6,Marginal stars only,B,3,X,Sequence of characters or numbers,psalar cheey qekal cheykaiin tain chal al skaiin okchedy opchdal opchy soiry cheey chkain chal lor sheey qokain okain chey qokain shaiin qoiiin okain chey qokeeey okain chees ar ol loeees otain or sain cheal chckhy okain okal aiin choty chckhy,1853,6:0,0
f112r,1.0,1,T,O,v,5,Marginal stars only,B,3,X,Sequence of characters or numbers,folchey qokeey ykair arally oteedal or aiin chcphy saiin oar qolkaiin otail ol olaiin chol otar or chedar cheey oteedy oteedy otaiin oty odys qokeedy chokain otain otar chedy taim oram otair kody otody otal okeeey otar oain oy chedal oteedy okeey qokeedy olkeedy oteeyoram taiin olkeedy qoteo oeey qokeey oteedyram sairo ethedy chol qotchedy dody qokeeey dairam saiin ol okeey qokeey chedy teedy qokchy qokar dair al chedy qodain dam,1854,6:3,3
f112r,11.0,1,T,O,v,5,Marginal stars only,B,3,X,Sequence of characters or numbers,tchedy qoteey qeol qokeey otey qokeey qokedy chotyr dchedy qo otchedy chdy qokeey qotain oteedy ror sor aiin chdy qokeey okeey otaiin chcthy dy soarar al chey otaiin okeedy qokeey,1855,6:0,0
f112r,15.0,1,T,O,v,5,Marginal stars only,B,3,X,Sequence of characters or numbers,poar alchar octhy otedy qokeedy okedy pchedy opamdy solol she?dy shol qokeey qokeeey qokedain otain ar amchg qoeeear she olkeear cheey qor cheo ral cheey qokey teey saiin al key chey dalchd aiin okal chody chedy cham,1856,6:4,4
f112r,19.0,1,T,O,v,5,Marginal stars only,B,3,X,Sequence of characters or numbers,polchdy otal raiin sheky qeey qokey qokeey qoky qoaiin or aiin cheol keody qol keol okeeey aiin ody sol keedy raiin chcthey okeedy qoteedy qeey rair al sy daichy lchedy qoinal,1857,6:4,4
f112r,23.0,1,T,O,v,5,Marginal stars only,B,3,X,Sequence of characters or numbers,qoain qoiin olcheedy dairiy teedy qopol chdy oteor octhdy otychey cheeteey qokeeey lkeey okeedykey lkedy qokedy otedy otedy lo tedain shedy ochor okchd ykedy kedy chor aiin cheety chcthy tockhy chedy chedam,1858,6:3,3
f112r,27.0,1,T,O,v,5,Marginal stars only,B,3,X,Sequence of characters or numbers,pcholkeedy okchoiiin aky opchedy kolfchdy opchedy lky shty ysheedy sheokeedy qokeedy qokain oteedy chckhy ytchedy sharam aiin olshedy chokeey okaiin qokeey olor al chealy tar ar cheokey okeody chol ol chedy qokedy cheom,1859,6:4,4
f112r,31.0,1,T,O,v,5,Marginal stars only,B,3,X,Sequence of characters or numbers,pair al keolor okaiin otain lchedy okeeor oteor karainy sor ar al ar alkeeor ol shedy okeechy qoiiin ched alam sarol okcheey cphedy shckhey okeeor chedy shdal,1860,6:3,3
f112r,34.0,1,T,O,v,5,Marginal stars only,B,3,X,Sequence of characters or numbers,pair ar shdar okechedy qokar aram qotedy araiin qokchdy opary sain olaiin qopchdy qoky okeal chedy okeey otedy ar ar okeedy sain ol checkhy olchain okeey olam,1861,6:3,3
f112r,37.0,1,T,O,v,5,Marginal stars only,B,3,X,Sequence of characters or numbers,pam okaiin olkedy okedy okeey okeedy keedar otear shkear qoky ain olkeear okeody qok?iin oteedy qokey okal okedy,1862,6:4,4
f112r,39.0,1,T,O,v,5,Marginal stars only,B,3,X,Sequence of characters or numbers,polkeedy qopal otedy opal aiin okaiiin sheody yteokar ogom sain okal lkeedy okar okchedy qokal keedy chkey oty oral yshesy alain cheey okchey qokchy okchaiin ykeeor okeey ory,1863,6:3,3
f112r,42.0,1,T,O,v,5,Marginal stars only,B,3,X,Sequence of characters or numbers,pol ar shedy qokaiin okeedy qotal chody oteody araryteop yteeo aiin okar opor aiin ycheedy qeedar yteeey sheor oteeg ain qokoekeeey yk ?koeechey okeeedy alair akcheey ar arody yor aiin keeey teey shkar oteeedyqokeey okeey okary oin yky,1864,6:3,3
f112v,1.0,1,T,P,v,5,Marginal stars only,B,3,X,Sequence of characters or numbers,keeoal chool opal otalair fcheol qor eees oar oral okeeshy qokeey okain qokal okeol oty oraiin qokeeor ar sheey or ar aiiin okeey keeody sheedy qotam shody qo oeeeody qokeedy okeey qokeedy qoky sain aiiin otal chear okedy okaiin cheeoldy saiin ol oaiin okeeedy cheaikhy,1865,6:3,3
f112v,7.0,1,T,P,v,5,Marginal stars only,B,3,X,Sequence of characters or numbers,pcheokeey oeeeky qoteedy oees aiin oteor opchdar opary ocheor okar aiiin otaiin okal okar otal kedy chekaiiin soaiin ar aiin okaiin otaiin cheekain okchedy qokchdy dain sheey okchedy oror,1866,6:3,3
f112v,11.0,1,T,P,v,5,Marginal stars only,B,3,X,Sequence of characters or numbers,tchor aiin odeedy oteeey qokey lody chcfhy ochos aiin olky al olkeedain sheeol qokeedy qochaiin qoty dcheoty oy otchedy chedy chedal chedy qokaiin otam sain air a ykeedain qokeedy chedaiin aloin,1867,6:3,3
f112v,15.0,1,T,P,v,5,Marginal stars only,B,3,X,Sequence of characters or numbers,pchodain okeedy qokeedy olkeedy qokain sheey qokedar aiin saiin okeey sheey qoteedy qokey chedy qokeey qokeey chdaly chear chedy chy keedy chdaiin cheedy qokain otaldal saiin or aiin chey qokeedy qokeeey qokeeody qotam olaiin arain ain al qoeeey qoteo ar aiiinol chalor,1868,6:4,4
f112v,20.0,1,T,P,v,5,Marginal stars only,B,3,X,Sequence of characters or numbers,pchoraiin ar alchedy olkeedy qokedy qotaiin chocthedy saisal saiin chekain cheol qoeedy chol keedy qokaiin shedy qokeol kain soiin ol cheol chedy qokeey chetain,1869,6:0,0
f112v,23.0,1,T,P,v,5,Marginal stars only,B,3,X,Sequence of characters or numbers,ycheol keeor olkeeey chedain ol cheedaiin sheedy qokeedy qotain soiin or okain otchedy qokeedy eeedeeg ckhedy cheedaiin cheedy pchdaiin shedy otaiin cheedy qokeeey keeedy cheey lor eeedy qokeey ychedal checkhey checkhy cheeol qokeedy qoteosam chos,1870,6:0,0
f112v,27.0,1,T,P,v,5,Marginal stars only,B,3,X,Sequence of characters or numbers,pchodain aiin teeedy qoeey okeedy qokeear al okedal olkeedy qotedy shey keedal aiin cheol keeeody qoiin qokeeey qoeey qokaim sheey qoeekain ol kain alor chedal sheody,1871,6:3,3
f112v,30.0,1,T,P,v,5,Marginal stars only,B,3,X,Sequence of characters or numbers,polor sheedy okeedey aiin sheedar okedy qopchedy dalkedy opchdy tar aiin okeear oteody arar,1872,6:3,3
f112v,32.0,1,T,P,v,5,Marginal stars only,B,3,X,Sequence of characters or numbers,tchedor shee keedy otedar checphey qopchedy qopcheey kar opcheeo aify or cheeor okeedy qokedy qokeedy chedaiin okeeedy otaiin cheekey chol saiin chedaiin checkhy lkeedy qokeedy chkaiin checkhol chdam pched shedain qokaiin okees chedy checkhy,1873,6:3,3
f112v,36.0,1,T,P,v,5,Marginal stars only,B,3,X,Sequence of characters or numbers,tchede okeey lky shedaiiin chdy qokeedy lkedy qotedy raram teedal sain ar otaiin shedy qokedaiin ar qokaiin chol kedy qokam sa ar okchey al chedy chol otaiin chedar lkain cheo dain,1874,6:0,0
f112v,39.0,1,T,P,v,5,Marginal stars only,B,3,X,Sequence of characters or numbers,teodarody opcheed okaiin chaiin otam oteedy qoteey qotain chcthd cheol lchedy chckhy cheolchal shchy cheolor okain chedy ykeedan checkhey oain chol,1875,6:0,0
f112v,42.0,1,T,P,v,5,Marginal stars only,B,3,X,Sequence of characters or numbers,poly keedain she kchdy chotshe otechy qokchdy otaray shain qokedy ooeeor oeeal olkeol al chol chl olchedy ykeedy chtal kar opchy famam qokchal qokey qaiin teol okal otedar epalchdy alpchdy,1876,6:3,3
f112v,45.0,1,T,P,v,5,Marginal stars only,B,3,X,Sequence of characters or numbers,ycheey chokeey okasal tchdy chcthy alaiin char al kamdam lor chaiin chokain char chey kain chdal okaiin daldy otar aig oaral alor aiiin olkaiin oty ary,1877,6:3,3
f113r,1.0,1,T,Q,w,4,Marginal stars only,B,3,X,Sequence of characters or numbers,pcheschy ypcheedy fchdy chetar qopchedaiin oty lkchy chodain alar chedy okeedy oteeody qokedy otchechy okeorl al keeos ched al ar chckhhy ykolairol shchs oal chs aiin oteeosy,1878,6:1,1
f113r,4.0,1,T,Q,w,4,Marginal stars only,B,3,X,Sequence of characters or numbers,kcheeos olkeedy shoaiin cheeody qokchedy chckhody qokedy qotaly lkar ar al om ycheeckhy osaiin cheoar qokaiin chekal otar shos aiin chckhy chdo chedy chedy sor cheo cheey oteeos aiin otain otal aiin alchl sheey kchol okeeo kaiin ol chos sheey qokchey sokal okeey char laiin olkain,1879,6:0,0
f113r,8.0,1,T,Q,w,4,Marginal stars only,B,3,X,Sequence of characters or numbers,pchosos cheoarkeeol qokeey lkchey qokar chos shey qopchy rchsy chykeor otal dchos aiin qokaiin cho okaiin cheodaiin aky le chody chotaiin,1880,6:0,0
f113r,10.0,1,T,Q,w,4,Marginal stars only,B,3,X,Sequence of characters or numbers,pcheody qokeody cheoar chy kcheeor ety sheody sheodaiin qoteoar otam otchedy qoty cholchey okecheey chokeo sheo qoaiin shoo keeeol keody chor chor kal laram shoain qoeey qoaiin shol lkeeoar chodaiin otam chos aiin,1881,6:5,5
f113r,13.0,1,T,Q,w,4,Marginal stars only,B,3,X,Sequence of characters or numbers,polchor cheody qotedy lkeches keeol lkcheol lkchedy kotchy lpchedy qopchedy ro ycheo lkchey chol oiiin qoksheoy qokcheody lcheo kchedy chokchy okchdar al chol chs aiin chaiiin,1882,6:0,0
f113r,16.0,1,T,Q,w,4,Marginal stars only,B,3,X,Sequence of characters or numbers,pcheoor olkeedy qokeedy shdy qofchedy chcfhor chedy qokeeol por aiin chepchar dor shar shol qokeey qok chol chedaiin qoky chokain chotar chokar char alom ycheod cheoaiin chal olkaiin chkaiin cheeey lkeeo aiiin okeedy qokcheey rchedy yhal cheeo rlaiin chckhey cheol,1883,6:3,3
f113r,20.0,1,T,Q,w,4,Marginal stars only,B,3,X,Sequence of characters or numbers,kshoraiin qokeeoar shoteol lklcheol qokar chdain cphoithy chor aiin ckhydy oiir shol shedair otchdy shokchy shaiiin shckhey lshor air okeody,1884,6:3,3
f113r,22.0,1,T,Q,w,4,Marginal stars only,B,3,X,Sequence of characters or numbers,tchoar sheeodaiin chkaiin otchod okchedy qokaiin chokain sheor qokchy qopam ykeoeshy qokaiin chal kiin chckhey lkchey qokal chocthy lkchor lkchedy lkaiin dair chor chopchey araiin or ral arody,1885,6:0,0
f113r,25.0,1,T,Q,w,4,Marginal stars only,B,3,X,Sequence of characters or numbers,pchedair shotedy qopchody chfchol kchdaiin chpchshdy rair shedy qokchey sairy tol cheshy lkchedy lchod chal char lkeeody oteeo loaiin okeedy,1886,6:0,0
f113r,27.0,1,T,Q,w,4,Marginal stars only,B,3,X,Sequence of characters or numbers,tchol chol lsheol shor kcheey raiin sheol tcheody tchey sheoky lpchedy qokam al chal akchy cheeeo rain otain chol lcholkaiin cheokedy lodas sheeoaiin olkeeol chtchol kcheody lkchedy okaiin chal taiin oteedy,1887,6:0,0
f113r,30.0,1,T,Q,w,4,Marginal stars only,B,3,X,Sequence of characters or numbers,folchear lshedy lkshedy sheeeky otar qchar tar shkchedy qokchd opy ytaiin okaiin chear ckhar shal shckhy okain khar chor cky chokain qoky shodaiin shkaiin chcthal okshedy otal okaiin cphoal otain okaiin chedy qotal ykeeor chear okain chear chockhy,1888,6:0,0
f113r,34.0,1,T,Q,w,4,Marginal stars only,B,3,X,Sequence of characters or numbers,palshsar lshdaiin otshsaiin shocfhy qopchear shkair qopchdy qoteedy rchedy ldy sh sheeo lkeeos aiin qokeees okchedy qotaiin otar okar ockhy rchdy qosain dcheey sheody shedain,1889,6:3,3
f113r,37.0,1,T,Q,w,4,Marginal stars only,B,3,X,Sequence of characters or numbers,tshedy qokaiin shedar sheocphy okchdy pcheody opchear opchedy lfchedy otal sheor qoteey okchedy sheos aiin,1890,6:0,0
f113r,39.0,1,T,Q,w,4,Marginal stars only,B,3,X,Sequence of characters or numbers,pcheockhy kchey qofsheeey lkeody kcheodaiin por shed qopoeey pokeey rair aly tarar cheey cheokeol chcheey cthes aiin ctheey ctharad shee qo tchey taram dsheo oin okaiin cheey taiin lkeechey okain sheey qoees okeeody,1891,6:0,0
f113r,42.0,1,T,Q,w,4,Marginal stars only,B,3,X,Sequence of characters or numbers,pcheodaiin sholkeechy ar alkar otchedy cheol tcheor qokchedy pchor aral ykcheor sheeod lkar ar al aiin cheeey ol chedy lchey lkar chedam cheeky lkedy chedy lkaiin,1892,6:0,0
f113r,45.0,1,T,Q,w,4,Marginal stars only,B,3,X,Sequence of characters or numbers,tchodairos or chey qotaiin opchey chtaiir shedy qotor sheol qotody tedy oaiin cheokeeas lkaiin chkal kar cheeody qokeeody qokeey chos araiinol sheol keechey cholkeedy qokaiin chedal kches ar okain qokaiin oram tcho arorshy qokaiin shey chckhhy sheolkchy qokeol kaiin checkhy ralchs sain cheeey cheo kcheey qokeey lkeeey okeeey lkchey lcho aiin otain al tchedy okeey cheeos lkaiin chey otain cheeody qokeeody okaiin oteedy ykeeol qokaiin olkal airody okaiin okalal loary,1893,6:0,0
f113v,1.0,1,T,R,w,4,Marginal stars only,B,3,X,Sequence of characters or numbers,folorarom otchey qotar air otair opchedy qokeedody chey keeoy rol lkar chsom oky teoar ain qotar ycheey otaiir otaiin okchy lkchdy ar al ar aiin okal cheyor aiin chotar okeeodar qokain olol olam,1894,6:0,0
f113v,4.0,1,T,R,w,4,Marginal stars only,B,3,X,Sequence of characters or numbers,fchoctheody keeodar oteedy rchedy qokechy otcher oparaiin oteody otaiin otl aroshy dcheos otaiin otedy otodaiin qokeey rcheey qoeear oteedy qokeedy otedar ar ot otees al tcheolchy lcheol chockhy cheoda?daiin,1895,6:3,3
f113v,7.0,1,T,R,w,4,Marginal stars only,B,3,X,Sequence of characters or numbers,fcheshd teody lkeeody oteedy lchealaim shockhol opchedy qotaiin otar ar al oteal ycheody qokeeor choltar olkam chokam odal sheckhy qokchedy otar toky dair ar okaiin chokaiin checkhol cholkaiin olchy,1896,6:3,3
f113v,10.0,1,T,R,w,4,Marginal stars only,B,3,X,Sequence of characters or numbers,polaiin otedyar aral kedy qokeedy olar aiin kchey ar opchey ro orsheor oteeo cheey olkeey otal chotair otar qotar okar oko lkedal ram solchedy otsheody arl olchey oror,1897,6:3,3
f113v,13.0,1,T,R,w,4,Marginal stars only,B,3,X,Sequence of characters or numbers,poraiin otar ar shedy qokchedy otchdy qotor qoteedar roral fchee llor al sheey qotaiin chor cthol okeshos olchedy qokaiin okal kaiin olo ar ar okeey oeky otcheedaiin ol tchdy pcheol kcheor aiin cheey qokaram chl lkaiin chdain qokain ch'eor okalchedy qokar olkam ar saraiin shedy lcheey olkar okaiin cthororaiin yteeeor,1898,6:3,3
f113v,18.0,1,T,R,w,4,Marginal stars only,B,3,X,Sequence of characters or numbers,pychdar chckhedy otshedy tcheepchey lky lkches qokody lkeshdy fchocthor opam qokeeody qokar okaiin qokaiin okar checthy okal ched lchal qckham lkaiin chckhhy chody otchar ar otary ol aiin,1899,6:0,0
f113v,21.0,1,T,R,w,4,Marginal stars only,B,3,X,Sequence of characters or numbers,polaiin otar qotain chtol tarol cheol kaiin chp kcheos okar aithar lo okaiin okaiin cheeky raiin olal okaiin cheody okaiin okaiin otar aly ykaiin al kar okain qokaiin chakair okar al cheody qokor otal lkl lol olkeey lcheey loar cheos,1900,6:0,0
f113v,25.0,1,T,R,w,4,Marginal stars only,B,3,X,Sequence of characters or numbers,tokary lkchey lkeedy otey pcheol qopchey cthol opaiin ol keeor opshedy qotam okiin al keechy qoteeol otar ar otchey otaiin al otaiin qotody loty cheeo cheeo alkeedy,1901,6:0,0
f113v,28.0,1,T,R,w,4,Marginal stars only,B,3,X,Sequence of characters or numbers,paiir kaiin oi'hox arash opheey cphedy opcheody okalchdy qotol oky ykeeol chedy qokeey olkeeey okaiin cthey okaiin al lor air aralg ysheey qoeey or aiiin okeeo otain ar ol okaiiin aiin shody otcham daiiin cheol teeoar shek lchedy okaiin chckhaiin otaiin otaiin araral sheo qokain char ar olar aiiin okar,1902,6:3,3
f113v,33.0,1,T,R,w,4,Marginal stars only,B,3,X,Sequence of characters or numbers,polsairy oteo qokeedy qokaiin okal qofcheol qokaiin opalor lkch ofchr cheaiin okchey qokain otecheedy qokaiin chckhey chearam qokaiin air lo chedy otain,1903,6:0,0
f113v,36.0,1,T,R,w,4,Marginal stars only,B,3,X,Sequence of characters or numbers,ofaral olkaiin okar okeeedy tshedy qokeedy otchey chedy tsho lteam qol aiin olaiin oteeey lchedy qokair,1904,6:3,3
f113v,38.0,1,T,R,w,4,Marginal stars only,B,3,X,Sequence of characters or numbers,pcholky otar airol okeedy chokor sheedy teear otorsheey qoteal osheol cheol ar aloiiin oteeey otain chekey qokain chcthy qotam lr oraiin cheor alkain ar aiin otaiin okeey lkeeedy qo oeeey aiin dair aiin okain aiin cheody,1905,6:3,3
f113v,42.0,1,T,R,w,4,Marginal stars only,B,3,X,Sequence of characters or numbers,pol keeo dy qoeees aiin or aiin fchedy otchey otakeol ol ycheo lkeees or aiin otaiin chkain olar olchedy qok aiinos cheal otain okar otaiin oloiin,1906,6:3,3
f113v,45.0,1,T,R,w,4,Marginal stars only,B,3,X,Sequence of characters or numbers,polaiin arol shear okeeeody ls ar lkeey opchedy qokchdy ota aram lkaiin cheey lain al cheey,1907,6:0,0
f113v,47.0,1,T,R,w,4,Marginal stars only,B,3,X,Sequence of characters or numbers,polaiin ksheeol lkaiin tair shey qotain ar akal shey qopchedy ldy cheol cheey qol lsheedy qokaiin chedy kain qokeeedy lkaiin okal dy yshey teeo oteedy qokeey otaiin olaiin cheokain lkeey ltal keedy,1908,6:0,0
f114r,1.0,1,T,S,x,3,Marginal stars only,B,3,X,Sequence of characters or numbers,tchedol dairor pcheos ytaiin otody yteeed oteeodl oaiin okarol deedar qoteeddy dair kedy okoeey aiin oor cheed ol keeed lkeeedam ycheod,1909,6:3,3
f114r,4.0,1,T,S,x,3,Marginal stars only,B,3,X,Sequence of characters or numbers,fdeechdy opchedaiin ypchedy odaly chedy qop cheokaiin shedy podair ochedal loiin chedy qokaiin chdy dchd?s eedol chdol kchedy cho kaiin chdy qoeedy okchedy doiiin chedy ykeedy okeeedy chedol chdaiin ykar dary cheol dchedy dkchs aiin chdedy qodaiin okchedaiin chain,1910,6:3,3
f114r,8.0,1,T,S,x,3,Marginal stars only,B,3,X,Sequence of characters or numbers,fchey dam okchedam qokeedaiin otairar okchedy otaiin opcheol ofchedaiir ocphy dcheod qodaiin chey kal dody chdairod okchdy chody oarorold qokeedy chdodaiin qoedeey chdaiin chedalos,1911,6:3,3
f114r,11.0,1,T,S,x,3,Marginal stars only,B,3,X,Sequence of characters or numbers,dalchy kolky qoedaiin dolor shedy qokchdy ofchedy tolpchy doiiin chocfhdy opailo ykcheshd ol air okaiin otedy ykeeey teos lair sheod chody otchedair okam qokchedy octhdy,1912,6:4,4
f114r,14.0,1,T,S,x,3,Marginal stars only,B,3,X,Sequence of characters or numbers,solpchd chcthdy qodair ol daldy qopdain opdaiin opdairody opdaildo ary qoedy otair otar okod chodar oeedy qokolkchdy dalol qokaiin ched al cheoal sheedo kol dair dair chdair cheoty otal cheo dair chekar chedy qokeedain cheedy qokey qokeeodaiin oeted akaiin otchedy qokchedy chckhd lcheos okar cheodeeey qoeeody qodaiin daildain,1913,6:3,3
f114r,19.0,1,T,S,x,3,Marginal stars only,B,3,X,Sequence of characters or numbers,pairody shedar qopchdy dchedy dol qopchedy ofchedaiin chodaiin opair oty sair chedaiin dalchdy daiidy olchedy chedaiin oteedy qoted aiin otar otedy do rol lcheey lchedo lcheo dkair,1914,6:3,3
f114r,22.0,1,T,S,x,3,Marginal stars only,B,3,X,Sequence of characters or numbers,tchedair shodaiin dair kchedy qopchdy chdy pdaiin qokair olchdy rodeedy qcphhedy or cheo al taiin qokedaiin oeain al ain,1915,6:0,0
f114r,24.0,1,T,S,x,3,Marginal stars only,B,3,X,Sequence of characters or numbers,tchedaiin oldal chor chpcheey chcphey cphochy chos aiir chty chopo sair cphy dair oaiil chey qokeedy chedy qoeey qokodaiin cheey kais aiy aiir otair or airy ycheeodaiin olkaiir qokaiin chodaiin okar olkaiin okaiin cheody airoy olam cheeo sheedy qodaiin ksam chodal olchedy,1916,6:0,0
f114r,28.0,1,T,S,x,3,Marginal stars only,B,3,X,Sequence of characters or numbers,pchedairs oeail chotar qokeedair olkaiin opdaiin otoldair chdy tedair aiir aim chol oeedy keedy cheecky cheodeey keedeedy daiiin ald air ar shol chedy otchedy qoty chedar okeedy lkeedy aiin oeedaiin qoaiin ykedy okair olkeedy qoain ain okeey ram sair aiin cheedain okaiin otedy qokeedain orain,1917,6:3,3
f114r,32.0,1,T,S,x,3,Marginal stars only,B,3,X,Sequence of characters or numbers,tcheodaiin chaiin qokaiin otaiin otalkain otchedain qotcho chdy dair qotar oteed aiin saiin yteey aiin al odaiin chedal odaiis aiin cheo chedy ytain kaiin kar chdar alkam,1918,6:0,0
f114r,35.0,1,T,S,x,3,Marginal stars only,B,3,X,Sequence of characters or numbers,pcheos air oy sheo qokohey sheekas oar ytched lked kchdar otal kar ychedar aikhdy otar ain ykeodaiin qoeedaiin qokal sain otchedy qokar odar or aiin otshedy okaiin yky ols ol kaiin chees air qotaiin chedaiiin qoeedy qokchedy cheey raiin ar ain aiin al chol?,1919,6:3,3
f114r,39.0,1,T,S,x,3,Marginal stars only,B,3,X,Sequence of characters or numbers,todaiin cheoltchedaiin okar qoeedain qcho oeda? opchedy qetchar yteedy qotey qoedaiin qokchedy teedy qoteeedy qotar otees chos otchdy oshey sheody qoty cheey taiin qokaiin qokeeedy oqotaiiin qoeeosain,1920,6:0,0
f114r,42.0,1,T,S,x,3,Marginal stars only,B,3,X,Sequence of characters or numbers,poedair qotol qodaiin otaiin qotar qotchey qotaiin cheopy qopaiin cheody ycheedy qoodaiin daiiral chedal chos oral tedy qotchdy qotar cheo dain ydaiin chedy qoal cheey qokair okeedy chotal chol okain ar da? opaiin dain ched chodaiin otain chdar chedy chocthy,1921,6:0,0
f114v,1.0,1,T,T,x,3,Marginal stars only,B,3,X,Sequence of characters or numbers,pchdol chedain chodalr fcheey dchedy qocphdy otdady qotedar dshedal qoteody choddy chedal otain chedol chedain shedy qotched dl oeos qotcheo odain qotain otar qotchd dol qotchedy choty ol lchdaiin qokedy cheocthedy qoted qotedol chedar qotedy okeedy chedaiin oky chedy qokeedy okaly cheedain shedy,1922,6:3,3
f114v,6.0,1,T,T,x,3,Marginal stars only,B,3,X,Sequence of characters or numbers,tedcheo cheo cthedy qotchedy qotaiin opchedy shedy qepoepy chedar dairy ytedshedy otaiin cheedar cheey aiin chedky chedaiin shod chokchedy,1923,6:0,0
f114v,8.0,1,T,T,x,3,Marginal stars only,B,3,X,Sequence of characters or numbers,pchedchdy qoteedy qokedain chdaiin qokedy chedain qoeedy qotey qotaiin soes oeeos aiin olkeey keol qotcheedy qockhed skaiin sheedy qotal chedy olkees chedaiin qotaiin olchedaiin chedain dain chcthdy,1924,6:0,0
f114v,11.0,1,T,T,x,3,Marginal stars only,B,3,X,Sequence of characters or numbers,tchedy qotaiin chdy qotedy tedaiin chepched shedain pol otam ochedy choaiin chcty chedal ytar otchedy qotaiin dain yog sheedy qoteeo oiiin chcthain,1925,6:3,3
f114v,14.0,1,T,T,x,3,Marginal stars only,B,3,X,Sequence of characters or numbers,tsheodar cheo ckhor qopchedy qopchedy qokchedy shody qotaiin ofcheds ochedain chedy okal chaiin qokod qokol cheedy qotody cheol kchedy ldy ytchedy qool chey ol aiin chedar chdaiin chdal qokaiin choky chol dam sheoal chos oaiir alchedy chcphedy okary,1926,6:0,0
f114v,18.0,1,T,T,x,3,Marginal stars only,B,3,X,Sequence of characters or numbers,dorkcheky cheo aiin qotaiin otody qokalsheody choypshedy qoto shxam shsodaiin chotain qotar,1927,6:0,0
f114v,20.0,1,T,T,x,3,Marginal stars only,B,3,X,Sequence of characters or numbers,tshedain qotchody qokol shedy qokchedy qofchdar chdor chdy dary dair cheeo chy chdaiin qokedy otcheodaiin qokchdy otedal dain aral ychedar shod qokaiin qotchey chockhy olkedy otechy ykedckhy,1928,6:3,3
f114v,23.0,1,T,T,x,3,Marginal stars only,B,3,X,Sequence of characters or numbers,pshedy qopcheos okaiin qotchedy qotchdar cheeos olteody otoydy olkaiin cheotaiin qoteody qokod sheoeed qodeedy yteedy aiin sor aiin otchedy otaiin alkain okeedy,1929,6:0,0
f114v,26.0,1,T,T,x,3,Marginal stars only,B,3,X,Sequence of characters or numbers,pcheodal chopcheod qoto araiin qota cheo pchdal qoeedy chcthey sheeo kchee okeey qoteor chokaiin chdy qokaiin chokeey tainary tchedy shdo qotched chees ar aiin chetam,1930,6:0,0
f114v,29.0,1,T,T,x,3,Marginal stars only,B,3,X,Sequence of characters or numbers,pchdair sho qopchey otcheed chedy qopcheo ocpheody opchdy qopairam cheey qooeey qolcheey qoteey qotaiin otal otaiin oteeo teey rain olaiin cheo otcheody lkchedy okaiin otaiin otal qotar cheol oleey cheoaiin chetaiin sheeodain,1931,6:0,0
f114v,33.0,1,T,T,x,3,Marginal stars only,B,3,X,Sequence of characters or numbers,kaiin sheey oaiin sheol qoteey qokeeedy cheo ctheey qokeeo lkealy olkeechy ol oaiin aiin chocthey qotedal octhy sotey cheos air yshey kair yteeey qokaiin chckhy chodaiin olkaim,1932,6:0,0
f114v,36.0,1,T,T,x,3,Marginal stars only,B,3,X,Sequence of characters or numbers,tshey oidal op shoko otchey qopchol qopaiin qotar al kal ram dcheey ol cheodaiiin qokar otaiin otal kaiin chey tar arody okedaiin otaiin qotchey qoteeody otaiin okal dals qo ?eecheedy kecheokeo oteo okaiin choty odaiin otam eeo cheo qotaiin cheo oteeey teeedy dm yaiin o?oy okeey cheody qokaiin otain al kain choty,1933,6:0,0
f115r,1.0,1,T,U,y,2,Marginal stars only,B,@,X,Sequence of characters or numbers,fc'hhdar qopchol qochedain otedy cheop ol teeedy oroiir oechedy oteedy qotchedy dcheeos shedy qokeeo qoky qokeeor cheody qokeeo qokeo rorol kcheody qokchy qol cheol chor od qol chedy qockheos cholor daar oraro,1934,6:2,2
f115r,4.0,1,T,U,y,2,Marginal stars only,B,@,X,Sequence of characters or numbers,dchedain qokeedy olkeechdy chor chey kchor orchedar otar sheod qoteedy dardyr ycheedy chedar olkees sheed qodain qoteedy qokedy qokeed lchedar qotchedy ro cheo ckhdy qotchdy qokedy qokar okeeeosaiin chl chedar chody qotar chedam chd chedy qotchy chedy chedar shey otain chorar,1935,6:0,0
f115r,8.0,1,T,U,y,2,Marginal stars only,B,@,X,Sequence of characters or numbers,kcheor cheol orair ot chedar lor aiin qokain qoteeol ar al opchedy darom dchedaiin qoteeedy qokeedy qoteo lor cheo ar cheor cheody,1936,6:0,0
f115r,10.0,1,T,U,y,2,Marginal stars only,B,@,X,Sequence of characters or numbers,tchedy kechedy qokchey keedy qokor chedaiin dair qotchedy qotcheedy qekor chedy chol chedy qokoiin qokcheedy qototeeey rain cheo chkain cho lory dsheo qokeedaiin qokechdy qodaiin or chol ro chey,1937,6:0,0
f115r,13.0,1,T,U,y,2,Marginal stars only,B,@,X,Sequence of characters or numbers,tchedy qoolkeedy qokchedy qotchd lpchedy qotcho lar airorlchy cpholrory ycheeo rcheeo qo lkain cheey saiin cheedy tcheo lodar chtar as kaiin dam cheo lkeodain chcthed qokar chedy qotain chody qotain cheol lkar air om dshedy qotshedy oltedy qotar chodar cheocthy chdy qotor otchdy qotolchd qol cheey qotchy cheocthy dolkeedy qotaiin chol oteeedchey okeedain cheol lcheey okcho keedor ykechey chchdy,1938,6:0,0
f115r,19.0,1,T,U,y,2,Marginal stars only,B,@,X,Sequence of characters or numbers,pcheodain qokchey qotchedy darailchedy polchedy chol pchody qotchedy qofchedy ram lcheod lkchedy chockhy chedy qokchedy qoky chor al alor cheey qol keo shey yches oaiin or al chy cheody rodaiin cheockhy oeeody,1939,6:0,0
f115r,22.0,1,T,U,y,2,Marginal stars only,B,@,X,Sequence of characters or numbers,psheody chsho tchdy chedy okchdar chdor cheedy yhy cheedy qepchey lkam dchey qokeod chody qokcho checthy qokeeey keeey lol chedy qokchedy ldy dcheol qokeol or ar aiin cheey okeeeo or chl lor ol otlaiin cheeor ary cheodain cheey qotchedy qokeeody choar cheey,1940,6:1,1
f115r,26.0,1,T,U,y,2,Marginal stars only,B,@,X,Sequence of characters or numbers,ksheoary otchey qoteeo ar aiiin chotchdy qodair sheol pchedy dalom ysheeo los ar chey qoky chol kchedshedy qokaiin shey qoetar chol qokaram cheo chos al saiin cheody llsan arorochees,1941,6:1,1
f115r,29.0,1,T,U,y,2,Marginal stars only,B,@,X,Sequence of characters or numbers,fshedy shdalky cheedar qopchedy qopchedyd lksho ror pchodar ol chedyo dsheodar sheo qokecheos cheos char qokchar qolcheey lkedy qotal shod ykaiin chdy qotchedy dchol qopol qokairor lchea raiin dlchd sor chey okaiin qokeey qokeedy qoaiin chedy qotaiin chety laiin chedy cheey qotaiin chokeeey chckhey qoky aiin cheey lkeedy okohy chokchaiin cheeo keeey okeey raiin,1942,6:0,0
f115r,35.0,1,T,U,y,2,Marginal stars only,B,@,X,Sequence of characters or numbers,posheos aral chaiin shkchedy otais chsi chpchar ar al odaiin chcphy dy cheey qoek chody qodain sheey oranol,1943,6:0,0
f115r,37.0,1,T,U,y,2,Marginal stars only,B,@,X,Sequence of characters or numbers,sorols cheos lkshey qokcho raiin chkshy qos aiin okchey pchar dor cheol chot qotchy qokchy sol raiin shey kchedy shedy qoty chey qodain cheody qokor,1944,6:5,5
f115r,40.0,1,T,U,y,2,Marginal stars only,B,@,X,Sequence of characters or numbers,paiinody lkcheo lchy qokchedy qokl sheedy qokar aiir ar opchdain olchy olchey qolcheor okchor,1945,6:3,3
f115r,42.0,1,T,U,y,2,Marginal stars only,B,@,X,Sequence of characters or numbers,tcheodl raiin chkar qokol lchdy qorshy qokain qokain chep chotchdy dcheo dain sheol qotchedy qokchedy qokchedy chotar orar olchdy dcheos shedar qoor cheor shody qokain otar ar otar ytar ar aloky dchedy kody qokeedy chols,1946,6:4,4
f115v,1.0,1,T,V,y,2,Marginal stars only,B,3,X,Sequence of characters or numbers,tchedor otchedy qotees ytain qoty qotar opolaiin qotdain ol raiin om ykeeochody qokeedy yteedy qokar qor chodaiin qokchdy chdar okchdy qokam dsheol qokchedy qokshedy qotchey otaiin qotedy lkedain dalchdy okchedam ykcheodain lkchedy otechdy qotar or al ytchedy lched otchd chokeedy dair qoteey otar chl oleed,1947,6:0,0
f115v,6.0,1,T,V,y,2,Marginal stars only,B,3,X,Sequence of characters or numbers,pchody odaiin chcphy qokchdain qotain qokor shed oteody solkaiin al dchedy tedy qokeey roiin shedy okor air cheoor olkchedy chotam,1948,6:4,4
f115v,8.0,1,T,V,y,2,Marginal stars only,B,3,X,Sequence of characters or numbers,tchoros sheol qotchs olchees otchdy qotol lpchedy okar lkechedy pchdam ychees chdaiin chotain cholkeedy qotchy chody qotain lkchey lchey ror saiin sho sheody okaiin dalchedy oteeo chedy,1949,6:0,0
f115v,11.0,1,T,V,y,2,Marginal stars only,B,3,X,Sequence of characters or numbers,tchdor shorail chodaiin chkol chkchol qotched qotchey dpchedy q?tam ysheed lchedy lkchedy soraiin,1950,6:0,0
f115v,13.0,1,T,V,y,2,Marginal stars only,B,3,X,Sequence of characters or numbers,pchdarody pcheed rar tcheody polched lpchdy tol rchees cphor orair kol okeeo kaiin lkeeey lkor sheedy chockhy qockheedy qokechy lkeey ldaiin saiin chol qotain qokain chl lr chdain qoteey rcheey ar rodam dain ar qoteol kar sheo lkechdy qokar qokey lko rokeedy ld okai? chey lcho racthy,1951,6:0,0
f115v,18.0,1,T,V,y,2,Marginal stars only,B,3,X,Sequence of characters or numbers,pchodain chotain choky lchain lpchdain dalchedy qotolchedy qopchedy yshedy qokeedy lxor xoiin choto keeody qoteody dain qokchedy ralom ysheey qoteey lkeey raiin cheo lor otal otchedy,1952,6:0,0
f115v,21.0,1,T,V,y,2,Marginal stars only,B,3,X,Sequence of characters or numbers,tshedy sheolkeedy lkeeshdy cheeo lor eees aiin okchedy qopcheddy lky soiin shedain qokeedy chodain otedain qokeedy qokeedy qotedy rosy lshes sheet chdy otedy shdy lchedy,1953,6:0,0
f115v,24.0,1,T,V,y,2,Marginal stars only,B,3,X,Sequence of characters or numbers,pcheo cheeody qoteeotchy soin opchees chpcheod rchl cho pchdy qopcham ykees aiin olkeeody qos ain cheodain chcthy tchedy qokeedy lkeedas dcheedy kchedy lcheey ror al chokedy dol qokeeeos qolkeedy qokar ar olain cheo lkain cheey qot cheody lor aiin oteed chkal kchetam chey lcho lor chedy chol chedy chdy,1954,6:0,0
f115v,29.0,1,T,V,y,2,Marginal stars only,B,3,X,Sequence of characters or numbers,polor sheedy qoteedy qokechy lraly shey sheot shedy chteey lky raram ycheedaiin ol chlor lkchedy rchedar oteedal ar lky,1955,6:0,0
f115v,31.0,1,T,V,y,2,Marginal stars only,B,3,X,Sequence of characters or numbers,pchdair opchedy qopor iirchal sheey qotain chety rodaiin opchepy shokchy ykchedy okar chedar rolsheedy lkchdy chddy chcphedy cheey teeodaiin ychedal qotchy chcthy chdal lchedy,1956,6:0,0
f115v,34.0,1,T,V,y,2,Marginal stars only,B,3,X,Sequence of characters or numbers,taiin sheckeey lchckhy ldar shdar qotchdy qoky shedy qokar chckhy shos shee oky cheo lkain cheeos al kcheo rain checthey lcham ytar aiin qoteey lkchedy,1957,6:0,0
f115v,37.0,1,T,V,y,2,Marginal stars only,B,3,X,Sequence of characters or numbers,tshar shor shckhhy olkeeo lkeedol ltchdy chkaidararal lkeedy oiiin chees otairos loedy cheo keeo llchs aiiin chkain sham dairal chain ykeedy qokedy qokain lkaiin lkchey lkain lror ycheeol kaiin shedain cho okas cheos qokchy,1958,6:0,0
f115v,41.0,1,T,V,y,2,Marginal stars only,B,3,X,Sequence of characters or numbers,dcheodl sheo kolchey fchedol shedy qotoee tchy choiphy qopchyr yair al sheey oteeol keody rcheey lkchdy qokchey lkar lkl rodam ysheokaiin qotchdal lkchdy lkshedy qokar cheos qokaiin aky ototar sheey qokey qokchey qokchey ral rchos oty lchedy yk chedaiin chody qokaiin dary cholaiim,1959,6:0,0
f116r,1.0,1,T,W,z,1,Marginal stars only,B,3,X,Sequence of characters or numbers,kchdpy shey qokain otalsh?dy qoteey shear ain or llory i'hearamom shain cheor ain okeey okeey shy lar ar aiiin oky char ar okain ykanam dain chl lshey cthy lshedy oteor shey qo saly,1960,6:4,4
f116r,4.0,1,T,W,z,1,Marginal stars only,B,3,X,Sequence of characters or numbers,padar shey osheeky qol laiin chckhy okam chedy oteedy qotar aralar dain sheed qokchdy otal chedy lkain oteedy aiin oty lol rol oly sain ol lchedy chedy otey chedy ykolain otedy,1961,6:4,4
f116r,7.0,1,T,W,z,1,Marginal stars only,B,3,X,Sequence of characters or numbers,pcholchdy teody otey qo qokain qoteey tokain otedy totol rotydy yteedy chedy qokeey qokain qotody oteedar otedy ldy lchedy qokeey lchey qokeedy qokain okeeylkaiin,1962,6:4,4
f116r,10.0,1,T,W,z,1,Marginal stars only,B,3,X,Sequence of characters or numbers,chd?in checkhy shedy qokeedy shdy rain sheedy cphol teol chcpham ol aiin shed qoteedy okeolshy qotain okedy chedy olchedy olkain als qo?in ar cholches okain dain cheey okeey otain olchdy otal dain olam ain tey chetain shtch'ey chedy qoteedy qokain shety okeedam sain cheychear ain chl oleedy,1963,6:4,4
f116r,15.0,1,T,W,z,1,Marginal stars only,B,3,X,Sequence of characters or numbers,pchoetal otedal otal oteedy olr okeedy qoky al keedy shdy chedy sheedy otal al lchedy shcthy qotey dain otar otarar opam dain chey qokeey okeey lain okeey qol chedy,1964,6:4,4
f116r,18.0,1,T,W,z,1,Marginal stars only,B,3,X,Sequence of characters or numbers,pcharalor qokey ain otedy opain lor otain otar oteeedy ar porchey sheedy qotain chetar qotar ar arody chcthy rain otey ot dain chol keedy ol cheey raiin chedy otar kal okain olar otedy qoty sf?m sairol sheey qokain chal qol chl rain okain shckhy dtal orchcthdy lty dol shedy shekchy qokain chedy otar okalain shcthy chedy lg dain cheeteey lkar shedy qokal shedy qoteedy ain ain aly salo lm qokedy okain chcthy oty shedy qokeey chalkeey kedy chey lag chol sheky shedy qokeey qokeedy shckhy qokain otal oin ain al om ytchey qokaiin chckhol shechol qotey ol cheedy otain okedy qotam chey qokey lshedy orain chckhy lkain chy pshedy lshedy qoky ram cheol lchey lkeey sheal lshalshy qotalshy cthedy ky chedy oteedy lched cthan cheey lkeeal lshey chl lkain chear aiin chl keedy raraiin ory saraiin shey qokain chcthy okar air ollaiin okaly,1965,6:4,4
f116r,31.0,1,T,W,z,1,Marginal stars only,B,3,X,Sequence of characters or numbers,pchallarar al ckhal rain alolfchy rpchey shfy ar opchekan dlr olkeey rain shey qor aiin shey ol lchedy rshey qokeedy chtain oly soraiin arain sheeky qokain sheey qol cheds ar ?rsheg qokain ar raiin shek okain shey qolchey okaiin shckhy qokam shedy qokeey qokain qokeey lchey olkey raiin cthar shckhy qorar qokeey rain shey okeey lkain dain chey sheckhy qcthhy qokl ain pairain sheek cheey lkeey olkeey lchey qoky lshedy cheam sham qokeey lshey qokaiin chkar shey okaiin chedy qokeedy raiin shy qokain chey olr ain shey qokain keeey lkeal or al lom dsheey shey qokey shey qokain shckhy chery ol chedy chey lchy dlar shar shar ain sheain okain shey qokchy chckhy orain qo qokain sheckhy qokain shekain shkain shedy shey qokan cham as??? ar al shear teey chcphy rain cphan ydar oty shey qokam s? okeedy qokain shckhy ol lcheor chky raiin chey qol okam odain sh??y qokar oleey chy,1966,6:4,4
f116r,46.0,1,T,W,z,1,Marginal stars only,B,3,X,Sequence of characters or numbers,oqokaiin al shey qokar okaral okeyshcphhy ookar okydy osain shky qorain chckhey qokey lkechy okeey okal chedkaly sykar ain olkeey dainchey qokar chey dain otan otain oly sysor shey qokey okeolan chey qol or cheey qor arom ol lkan sodal ch al chcthy chckhy qol ain ary,1967,6:4,4
f116v,1.0,0,T,X,z,1,Text-only,B,3,X,Various (combination; deprecated),oror sheey,1968,6:0,0
